gamer_id,,
9604c6d0-e047-11ef-a624-21fbda48aafc,,
242fb1a0-e047-11ef-aadd-3386e8ad5e0c,,
0978b460-e047-11ef-a600-e926572c4fb0,,
ccd9cf90-e040-11ef-a624-21fbda48aafc,,
039e99c0-e03c-11ef-a600-e926572c4fb0,,
f3ccef30-e034-11ef-9e4f-934098628aa4,,
7856cb50-e034-11ef-a600-e926572c4fb0,,
35086030-e033-11ef-9d5d-cf5a310a22f8,,
230f64a0-e033-11ef-aadd-3386e8ad5e0c,,
d972c9e0-e032-11ef-8c08-6d4746360234,,
c4f44e30-e02d-11ef-aadd-3386e8ad5e0c,,
3bfdb830-e025-11ef-9d5d-cf5a310a22f8,,
806c0f10-e022-11ef-9d5d-cf5a310a22f8,,
36746460-e014-11ef-9d5d-cf5a310a22f8,,
8524f450-e003-11ef-9d5d-cf5a310a22f8,,
8058ea20-dfff-11ef-b6eb-d16a3699378e,,
140cf1c0-dffc-11ef-bb7e-591b062b2baf,,
e8985490-dffa-11ef-83b1-0504649c5247,,
df62b1e0-dffa-11ef-aadd-3386e8ad5e0c,,
c3153e80-dfec-11ef-82ce-4ff9145c88a2,,
ad6500f0-dfe4-11ef-82ce-4ff9145c88a2,,
9153c480-dfdc-11ef-be8f-2b62a82593f5,,
9027f610-dfd9-11ef-bb27-2116dc758fbf,,
4b7033c0-dfd4-11ef-9b52-c745dba6c55d,,
f717e800-dfd2-11ef-be8f-2b62a82593f5,,
eda7c9d0-dfd1-11ef-bf6a-4b6e5d7b87b1,,
0fb059c0-dfcd-11ef-be8f-2b62a82593f5,,
d8119c90-dfcc-11ef-bf6a-4b6e5d7b87b1,,
577e8800-dfcb-11ef-be8f-2b62a82593f5,,
6bef41b0-dfc8-11ef-b556-f7bf67464bf5,,
66c9ec90-dfc7-11ef-be8f-2b62a82593f5,,
f3e36760-dfc6-11ef-9b52-c745dba6c55d,,
8df99f00-dfc6-11ef-bf6a-4b6e5d7b87b1,,
4f02c3a0-dfc4-11ef-b556-f7bf67464bf5,,
cacbb7e0-dfc3-11ef-bf6a-4b6e5d7b87b1,,
70197cb0-dfc3-11ef-bf6a-4b6e5d7b87b1,,
490e6610-dfc0-11ef-bf6a-4b6e5d7b87b1,,
9e60b420-dfbf-11ef-b114-6fb5a335e4dd,,
a9d58de0-dfbe-11ef-b556-f7bf67464bf5,,
cb6e9db0-dfba-11ef-bf6a-4b6e5d7b87b1,,
b1b0cd80-dfba-11ef-9b52-c745dba6c55d,,
4f9b3ea0-dfba-11ef-bb27-2116dc758fbf,,
9d3c4010-dfb9-11ef-b114-6fb5a335e4dd,,
b4ddaad0-dfb7-11ef-b114-6fb5a335e4dd,,
4a553ef0-dfb5-11ef-be8f-2b62a82593f5,,
6aa8cf10-dfb4-11ef-b556-f7bf67464bf5,,
d60eea60-dfae-11ef-bf6a-4b6e5d7b87b1,,
0e61ee50-dfad-11ef-be8f-2b62a82593f5,,
d3899be0-dfaa-11ef-bf6a-4b6e5d7b87b1,,
92220840-dfa0-11ef-94bf-7d4111f0acf4,,
1b03dec0-df9e-11ef-a199-b52ea436b6fe,,
e02c0c10-df9c-11ef-841d-5fc6c0817981,,
53e70a30-df9b-11ef-841d-5fc6c0817981,,
08392300-df98-11ef-ad4c-43f673d12f1e,,
de2686d0-df96-11ef-a199-b52ea436b6fe,,
8bb7c620-df96-11ef-ad4c-43f673d12f1e,,
891a5460-df95-11ef-9732-0bf6a1ba31ba,,
0c821eb0-df95-11ef-918d-c1bf039c26a7,,
ecf6bd60-df91-11ef-8acb-19337c52bd10,,
15c6b350-df86-11ef-8edd-9feb7de89c63,,
20ed1460-df84-11ef-918d-c1bf039c26a7,,
f42fa380-df82-11ef-8acb-19337c52bd10,,
c1af4550-df7d-11ef-94bf-7d4111f0acf4,,
27124190-df6a-11ef-ae12-455670cf8f30,,
139eb3f0-df6a-11ef-94bf-7d4111f0acf4,,
033ec460-df69-11ef-94bf-7d4111f0acf4,,
bc1d89e0-df68-11ef-94bf-7d4111f0acf4,,
f4d36e50-df66-11ef-aac5-bbdad0d1b211,,
b3908aa0-df65-11ef-a199-b52ea436b6fe,,
83ddd4c0-df47-11ef-94bf-7d4111f0acf4,,
fe373670-df25-11ef-ac20-7bcde7963740,,
b122ba60-df22-11ef-a003-0b31abccecb4,,
bad84e60-df15-11ef-ba32-2d52ba76708c,,
6693eee0-df0b-11ef-a46c-9bac08d5d36e,,
4ad68580-df08-11ef-a199-b52ea436b6fe,,
c806aae0-df07-11ef-a46c-9bac08d5d36e,,
c3662810-df04-11ef-a6d3-9725d62abd9b,,
8eb1f9f0-deff-11ef-a6d3-9725d62abd9b,,
f9487e50-defb-11ef-a46c-9bac08d5d36e,,
e3d62ff0-defa-11ef-ba32-2d52ba76708c,,
db12a9a0-def2-11ef-a199-b52ea436b6fe,,
60dfe9f0-deec-11ef-a6d3-9725d62abd9b,,
ed4ea5d0-deeb-11ef-a199-b52ea436b6fe,,
d4987710-deea-11ef-a199-b52ea436b6fe,,
c5236740-deea-11ef-a6d3-9725d62abd9b,,
2b9213e0-dee7-11ef-a199-b52ea436b6fe,,
29c47fd0-dee7-11ef-a11f-97b2a0f77d20,,
f793d600-dee6-11ef-a11f-97b2a0f77d20,,
6fde1281-dee0-11ef-a11f-97b2a0f77d20,,
42ed3cf0-dedc-11ef-8bdd-6f950fbac940,,
f090a4b0-dedb-11ef-a46c-9bac08d5d36e,,
df303fa0-dedb-11ef-a46c-9bac08d5d36e,,
bd3647f0-dedb-11ef-a46c-9bac08d5d36e,,
dc9fdf81-ded5-11ef-8bdd-6f950fbac940,,
bc737be0-ded5-11ef-adda-b16e663f68c0,,
afa8d2f0-ded2-11ef-a46c-9bac08d5d36e,,
7688ad40-decf-11ef-a199-b52ea436b6fe,,
d12130d0-decd-11ef-a46c-9bac08d5d36e,,
f13dbd50-deca-11ef-8e4d-758565a40e59,,
e2a0f701-dec8-11ef-8e4d-758565a40e59,,
71ce2c10-dec7-11ef-a11f-97b2a0f77d20,,
4c9eef70-dec6-11ef-a11f-97b2a0f77d20,,
8634de30-dec5-11ef-a46c-9bac08d5d36e,,
57a30600-dec5-11ef-8e4d-758565a40e59,,
0ce99520-debb-11ef-bc1f-6f8f7d5c9af3,,
72e127e0-deb5-11ef-b331-cdf60733cf49,,
01331820-deb4-11ef-a46c-9bac08d5d36e,,
95d20a10-deb2-11ef-a3b7-fded9856eecd,,
650adf80-deab-11ef-8ee5-a1f2529cf908,,
c2ed3080-dea1-11ef-a3e9-6b8ed706d9ba,,
90d53440-dea0-11ef-a199-b52ea436b6fe,,
8144dba0-de9d-11ef-ba97-397970e727d6,,
ec327620-de98-11ef-9dcc-e17d6a657b2b,,
46e2af20-de91-11ef-b331-cdf60733cf49,,
5daee2d0-de7f-11ef-b331-cdf60733cf49,,
97ff32d0-de7c-11ef-ba97-397970e727d6,,
18d758f0-de79-11ef-9dcc-e17d6a657b2b,,
22db56e0-de73-11ef-9dcc-e17d6a657b2b,,
112c12b0-de6c-11ef-b9c4-bd79915766a1,,
e79e36e0-de6a-11ef-b331-cdf60733cf49,,
40496630-de65-11ef-a199-b52ea436b6fe,,
41c83370-de64-11ef-8b50-b5c431fb4a23,,
ab7a19a0-de5f-11ef-b331-cdf60733cf49,,
5445d710-de5e-11ef-b331-cdf60733cf49,,
3379ff20-de5e-11ef-b9c4-bd79915766a1,,
74758b80-de5d-11ef-8b50-b5c431fb4a23,,
8012f150-de5b-11ef-87a3-1fc5ac70ed63,,
8bdb4240-de5a-11ef-ba97-397970e727d6,,
4f499520-de5a-11ef-87a3-1fc5ac70ed63,,
be899d00-de59-11ef-a199-b52ea436b6fe,,
723b28b0-de59-11ef-8d7f-dd47117d4e54,,
917ef680-de58-11ef-8d7f-dd47117d4e54,,
f1780370-de57-11ef-bdad-4d4226dca5e2,,
7f4a6e00-de57-11ef-aa1a-73c18aa9d0a9,,
6aefe320-de54-11ef-bdad-4d4226dca5e2,,
9f8dfff0-de53-11ef-add5-61d6a1aca780,,
52b5b7a1-de52-11ef-8d7f-dd47117d4e54,,
26d7dbe0-de52-11ef-8cb7-e1091a47b53d,,
e6491180-de46-11ef-886c-c72b4eca07ae,,
c3246ec0-de41-11ef-886c-c72b4eca07ae,,
cedd1a30-de3e-11ef-b6fc-5bea78543f30,,
99781d30-de3a-11ef-886c-c72b4eca07ae,,
8b5bb1d0-de35-11ef-a199-b52ea436b6fe,,
e60ca7c0-de25-11ef-8d9f-2584486228a6,,
4322d580-de24-11ef-b442-472cc4a60bdd,,
e0c88430-de1d-11ef-b442-472cc4a60bdd,,
f87a8630-de1a-11ef-bdad-4d4226dca5e2,,
62f3e5a0-de17-11ef-bdad-4d4226dca5e2,,
a14daff0-de14-11ef-98e8-57273d3bfa24,,
192b4090-de11-11ef-8d9f-2584486228a6,,
ff98ee30-de05-11ef-8d9f-2584486228a6,,
d7ca75a0-de04-11ef-b442-472cc4a60bdd,,
c29cf870-de03-11ef-b442-472cc4a60bdd,,
44000e90-de02-11ef-a03f-49a52e060b17,,
38982290-de02-11ef-b442-472cc4a60bdd,,
d8b30840-de01-11ef-98e8-57273d3bfa24,,
7cd0d890-de01-11ef-917d-a79d77486c88,,
796c02b0-de01-11ef-98e8-57273d3bfa24,,
2cad5250-ddff-11ef-917d-a79d77486c88,,
715c3c00-ddf9-11ef-98a4-230660373b2c,,
9a22fea0-ddf7-11ef-98e8-57273d3bfa24,,
727e5530-ddf6-11ef-a03f-49a52e060b17,,
f6a084f0-ddec-11ef-a03f-49a52e060b17,,
de6520f0-ddea-11ef-917d-a79d77486c88,,
f2656590-dde7-11ef-b442-472cc4a60bdd,,
475b14b0-dde7-11ef-aab9-6ddfee7d1fea,,
71889770-ddde-11ef-8d9f-2584486228a6,,
a9b706f0-dddd-11ef-a03f-49a52e060b17,,
6ed5d050-ddda-11ef-b17d-3713ca085a47,,
4d5c96d0-ddd9-11ef-aab9-6ddfee7d1fea,,
cd17d3e0-ddd8-11ef-98a4-230660373b2c,,
2bfe5f60-ddd8-11ef-8d9f-2584486228a6,,
0934e2b0-ddd8-11ef-b17d-3713ca085a47,,
12f7c380-ddd3-11ef-8d9f-2584486228a6,,
64553810-ddcf-11ef-815f-bfbcdb324349,,
68463340-ddcd-11ef-a83d-a9c5976a9862,,
b9dd20a0-ddc4-11ef-8f75-2dbf794513de,,
b9faf190-ddb3-11ef-b17d-3713ca085a47,,
90360ef0-ddac-11ef-8d9f-2584486228a6,,
7702e800-ddab-11ef-815f-bfbcdb324349,,
7a544f30-dda6-11ef-b17d-3713ca085a47,,
cbc86e20-dda4-11ef-8d9f-2584486228a6,,
c40a2d60-dd9d-11ef-a83d-a9c5976a9862,,
4932ba80-dd9d-11ef-815f-bfbcdb324349,,
361255f0-dd9d-11ef-815f-bfbcdb324349,,
ef70f9d0-dd9c-11ef-a83d-a9c5976a9862,,
8f08ed80-dd94-11ef-b05a-03c33fe016c6,,
c1a60a30-dd93-11ef-bd3a-471f17abbb35,,
1b75bf80-dd92-11ef-980c-8fa079fcf982,,
ab6903b0-dd90-11ef-87af-853c5fb2d9b7,,
16f72e80-dd8d-11ef-aea8-29040c18ec6e,,
5a826670-dd8c-11ef-b775-0dcf3b41a901,,
3cfc7ca0-dd8a-11ef-be14-93febee934bc,,
a6b9c590-dd66-11ef-a92d-49f23cb60221,,
f532a2b0-dd60-11ef-a92d-49f23cb60221,,
7d86e9c0-dd5f-11ef-9aec-659b0630c60c,,
976eacf0-dd5b-11ef-91db-7957c4ea2d2e,,
9c8b3a60-dd5a-11ef-95a7-57d181ac1233,,
6b9385c0-dd5a-11ef-a92d-49f23cb60221,,
ef901600-dd59-11ef-8d9f-2584486228a6,,
939d4480-dd59-11ef-980c-8fa079fcf982,,
13475570-dd57-11ef-980c-8fa079fcf982,,
6a5b1480-dd54-11ef-95a7-57d181ac1233,,
8c6db9c0-dd53-11ef-8d9f-2584486228a6,,
4af8fb30-dd53-11ef-8d9f-2584486228a6,,
06a93030-dd53-11ef-8d9f-2584486228a6,,
320686c0-dd52-11ef-8d9f-2584486228a6,,
94cb5de0-dd51-11ef-a92d-49f23cb60221,,
7e4c0c50-dd50-11ef-9aec-659b0630c60c,,
585ed6e0-dd4f-11ef-95a7-57d181ac1233,,
b58f7500-dd4e-11ef-8d9f-2584486228a6,,
652f4900-dd4e-11ef-a92d-49f23cb60221,,
d8d1e481-dd49-11ef-95a7-57d181ac1233,,
6583c3e0-dd49-11ef-980c-8fa079fcf982,,
2ad5cae0-dd49-11ef-982a-0d54dfe4dccb,,
5487d180-dd3f-11ef-a92d-49f23cb60221,,
1f7fafa0-dd3d-11ef-8d9f-2584486228a6,,
4556b740-dd39-11ef-b2f0-41bc3dbee8b3,,
b7b0d060-dd38-11ef-980c-8fa079fcf982,,
3f211580-dd36-11ef-a92d-49f23cb60221,,
403d5060-dd35-11ef-b2f0-41bc3dbee8b3,,
1a513b20-dd2e-11ef-a92d-49f23cb60221,,
4a9785a0-dd24-11ef-8d9f-2584486228a6,,
57307ef0-dd21-11ef-980c-8fa079fcf982,,
c4e2d760-dd1f-11ef-8339-29301bbaa323,,
f794d110-dd1d-11ef-8d9f-2584486228a6,,
269a7680-dd1a-11ef-8d9f-2584486228a6,,
76ffb2f0-dd17-11ef-8339-29301bbaa323,,
337673a0-dd14-11ef-8d9f-2584486228a6,,
0c465360-dd12-11ef-80aa-1da07add790c,,
4648b500-dd10-11ef-8459-215914432df2,,
e53fc610-dd0d-11ef-9612-8954d85a6752,,
2e09c1a0-dcd9-11ef-8d9f-2584486228a6,,
2b8c0250-dcd7-11ef-8d9f-2584486228a6,,
b362aa60-dcd4-11ef-980c-8fa079fcf982,,
1bffef70-dcd4-11ef-980c-8fa079fcf982,,
6be562a0-dcd3-11ef-8d9f-2584486228a6,,
3e8f9ba0-dccd-11ef-980c-8fa079fcf982,,
f45ed730-dccc-11ef-a873-51e7423ca7d3,,
d10ddb00-dccc-11ef-b4b0-fdc884b48808,,
4850aae0-dccc-11ef-a1cc-8964f65efc63,,
e63317a0-dcc9-11ef-8d9f-2584486228a6,,
989de7f0-dcc8-11ef-980c-8fa079fcf982,,
0617f9b0-dcc4-11ef-9975-8ffa0dcd81dd,,
3ef70aa0-dcba-11ef-aa70-dfca63c863e8,,
03e98c80-dcba-11ef-9a48-cd603e6509c9,,
a6ef0470-dcb8-11ef-a14c-4fd3253aedec,,
6154d490-dcb7-11ef-853f-093de523d519,,
a4162240-dcb5-11ef-aa70-dfca63c863e8,,
87e5beb0-dca5-11ef-853f-093de523d519,,
8bbbc360-dc99-11ef-aa70-dfca63c863e8,,
076b8720-dc95-11ef-aa70-dfca63c863e8,,
b0225d00-dc93-11ef-bfe2-5bfe34e86fbb,,
be6651c0-dc91-11ef-9a48-cd603e6509c9,,
01cb60e1-dc8d-11ef-9a48-cd603e6509c9,,
2c3f05a0-dc8a-11ef-aa4c-e339bc3520b8,,
36263eb0-dc82-11ef-9a48-cd603e6509c9,,
a0af91c0-dc80-11ef-aa4c-e339bc3520b8,,
3f34ffd0-dc7f-11ef-bfe2-5bfe34e86fbb,,
1a360580-dc7f-11ef-aa4c-e339bc3520b8,,
6961ecb0-dc7e-11ef-b401-4dcf85691fbb,,
c8f37780-dc78-11ef-b401-4dcf85691fbb,,
36041c40-dc78-11ef-9a48-cd603e6509c9,,
332eaa90-dc77-11ef-9dc0-4f4ac2b74906,,
a611bf40-dc75-11ef-9495-e5a3c281db32,,
07d87cc0-dc74-11ef-9a48-cd603e6509c9,,
79bf3aa0-dc73-11ef-9dc0-4f4ac2b74906,,
88cfa720-dc71-11ef-9fb0-5ba4cec9c6f3,,
3dc8ce00-dc71-11ef-a47b-3d4f1bf6c7f7,,
1cfa5370-dc70-11ef-9fb0-5ba4cec9c6f3,,
9d56b050-dc60-11ef-a157-c5266cbbb259,,
e561b5f0-dc5d-11ef-9fb0-5ba4cec9c6f3,,
82187e80-dc5c-11ef-9a48-cd603e6509c9,,
9faacbc0-dc5b-11ef-9e8a-ff272b95410c,,
55b42a20-dc5b-11ef-a47b-3d4f1bf6c7f7,,
c870fcb0-dc5a-11ef-804b-dd634ff5f27e,,
c8c59740-dc58-11ef-a157-c5266cbbb259,,
c4560820-dc58-11ef-9a48-cd603e6509c9,,
031969b0-dc56-11ef-9f32-8334e767c687,,
cbcf0e10-dc55-11ef-a157-c5266cbbb259,,
a68c9790-dc54-11ef-a157-c5266cbbb259,,
a80f03c0-dc52-11ef-88d1-c55de44dbfdd,,
f6551ba0-dc4d-11ef-9a48-cd603e6509c9,,
59435ea0-dc4b-11ef-9634-5be2ab1fd68a,,
c88e6300-dc4a-11ef-9a48-cd603e6509c9,,
217b3cf0-dc4a-11ef-a18e-272f39cfc11c,,
caecc230-dc46-11ef-9a48-cd603e6509c9,,
d8c8d7f0-dc45-11ef-a157-c5266cbbb259,,
08ecc600-dc3f-11ef-bd7a-894db3ce946e,,
db75bb60-dc38-11ef-93ff-c750523ee787,,
0f4461f0-dc32-11ef-b03f-832c3cd26f8a,,
cb965530-dc31-11ef-a47b-3d4f1bf6c7f7,,
6c78e390-dc24-11ef-9d2a-8dcca7c3e7e2,,
fd3f0820-dc22-11ef-a47b-3d4f1bf6c7f7,,
33eda250-dc0a-11ef-9d2a-8dcca7c3e7e2,,
968e7380-dc05-11ef-9d2a-8dcca7c3e7e2,,
6e5d2500-dc05-11ef-a47b-3d4f1bf6c7f7,,
77199ce0-dc01-11ef-80e0-b9803962b31a,,
0df87ea0-dbfe-11ef-9c79-232b779c6176,,
1dd044b0-dbfa-11ef-a133-33967ff520c8,,
ab600c80-dbef-11ef-9d2a-8dcca7c3e7e2,,
389d4de0-dbed-11ef-a89c-b7cf4bef6351,,
6ced98d0-dbec-11ef-8c9e-2f550fcbb0ac,,
9c711970-dbeb-11ef-b90c-3f1730979615,,
6cc88170-dbe8-11ef-a47b-3d4f1bf6c7f7,,
efa47cf0-dbdb-11ef-9d2a-8dcca7c3e7e2,,
a44aecc0-dbd7-11ef-a47b-3d4f1bf6c7f7,,
6e7af8f1-dbd3-11ef-a47b-3d4f1bf6c7f7,,
41cd5170-dbd0-11ef-b62d-11a7e0e441ee,,
61e94c40-dbce-11ef-a47b-3d4f1bf6c7f7,,
ce403df0-dbcd-11ef-a47b-3d4f1bf6c7f7,,
b5df0d00-dbcc-11ef-8c9e-2f550fcbb0ac,,
89014e70-dbc1-11ef-9d2a-8dcca7c3e7e2,,
59db7b00-dbbe-11ef-ae79-6f74728d3b60,,
d50e49c0-dbbd-11ef-ae79-6f74728d3b60,,
29879cf0-dbbd-11ef-a47b-3d4f1bf6c7f7,,
164116f0-dbb6-11ef-9d2a-8dcca7c3e7e2,,
b4ead5e0-dbb4-11ef-9d2a-8dcca7c3e7e2,,
2d8be820-dbb2-11ef-9d2a-8dcca7c3e7e2,,
1825f5d0-dbb1-11ef-b62d-11a7e0e441ee,,
5b9b5bd0-dbb0-11ef-bf02-018d6a26d94c,,
cef4b1f0-dbae-11ef-ae79-6f74728d3b60,,
b52c4fe0-dbad-11ef-8c9e-2f550fcbb0ac,,
bc774b80-dbab-11ef-ae79-6f74728d3b60,,
c8d80be0-dbaa-11ef-ae79-6f74728d3b60,,
35095f10-dba8-11ef-a47b-3d4f1bf6c7f7,,
00226ee0-dba8-11ef-a47b-3d4f1bf6c7f7,,
0ff05f00-dba6-11ef-8c9e-2f550fcbb0ac,,
806c9060-dba5-11ef-b62d-11a7e0e441ee,,
4fc6cc50-dba5-11ef-9d2a-8dcca7c3e7e2,,
e4729a10-dba4-11ef-b62d-11a7e0e441ee,,
16c20bf0-dba4-11ef-a47b-3d4f1bf6c7f7,,
fac154d0-db9c-11ef-b62d-11a7e0e441ee,,
6fe8cd80-db96-11ef-bf02-018d6a26d94c,,
746e7220-db95-11ef-ae79-6f74728d3b60,,
ddcfbff0-db93-11ef-a47b-3d4f1bf6c7f7,,
3384ee80-db93-11ef-a47b-3d4f1bf6c7f7,,
eac39ff0-db8f-11ef-a47b-3d4f1bf6c7f7,,
d5371d60-db8f-11ef-8c9e-2f550fcbb0ac,,
6326a250-db8e-11ef-a47b-3d4f1bf6c7f7,,
b337d5e0-db8c-11ef-ae79-6f74728d3b60,,
e164d920-db89-11ef-8c9e-2f550fcbb0ac,,
bfdea750-db88-11ef-ae79-6f74728d3b60,,
bdd1cf10-db82-11ef-ae79-6f74728d3b60,,
bdeb8ae0-db7d-11ef-bf02-018d6a26d94c,,
e2991890-db77-11ef-a47b-3d4f1bf6c7f7,,
69f6f1b0-db76-11ef-a0ca-0133bcd1d569,,
b0d67a30-db74-11ef-91c6-995f5469feb9,,
a4eadf40-db74-11ef-af2b-77f570197674,,
353aaa10-db6d-11ef-94e9-d1ec3793d63e,,
b46d4870-db67-11ef-a0ca-0133bcd1d569,,
927a9930-db66-11ef-91c6-995f5469feb9,,
40b61480-db61-11ef-af2b-77f570197674,,
4201c1a0-db51-11ef-a0ca-0133bcd1d569,,
1138be20-db51-11ef-af2b-77f570197674,,
6f828e10-db48-11ef-91c6-995f5469feb9,,
56d1e820-db48-11ef-a47b-3d4f1bf6c7f7,,
9daf4dc0-db46-11ef-b62d-11a7e0e441ee,,
880c3d50-db43-11ef-af2b-77f570197674,,
f9939290-db41-11ef-b62d-11a7e0e441ee,,
28877d60-db41-11ef-b48f-a915d83ec094,,
9a537230-db3e-11ef-a47b-3d4f1bf6c7f7,,
02047f50-db3a-11ef-b4e7-53b1443075d4,,
1e1bc550-db39-11ef-92f5-e1d41f6f12d9,,
1c3c05a0-db35-11ef-a47b-3d4f1bf6c7f7,,
bde123e0-db2b-11ef-b62d-11a7e0e441ee,,
7bb8f1a0-db1c-11ef-ac42-79490c307c13,,
0cb9fc50-db1b-11ef-a47b-3d4f1bf6c7f7,,
d4b054e0-db05-11ef-a3af-af1a13f91acc,,
744a3270-daff-11ef-a3c7-79a7072ca59b,,
71439ea0-dafe-11ef-b5f4-7bae24d8a29a,,
f71f3a00-dafb-11ef-b9b8-1bf4fd2f8b50,,
99014b20-dafb-11ef-997e-9f2dd939af99,,
fccdae90-daf7-11ef-b5f4-7bae24d8a29a,,
c3be8df0-daf6-11ef-b5f4-7bae24d8a29a,,
800a66b0-daf6-11ef-b5f4-7bae24d8a29a,,
d5cc23f0-daeb-11ef-9361-793fea17e050,,
8fe84b70-daeb-11ef-b5f4-7bae24d8a29a,,
e48db7b0-daea-11ef-997e-9f2dd939af99,,
9eec0760-dae1-11ef-997e-9f2dd939af99,,
d0012480-dae0-11ef-997e-9f2dd939af99,,
cc027fa0-dae0-11ef-b5f4-7bae24d8a29a,,
a407ee00-dadf-11ef-997e-9f2dd939af99,,
64769240-dadb-11ef-b5f4-7bae24d8a29a,,
0cce3120-dada-11ef-9361-793fea17e050,,
b246e870-dad7-11ef-b5f4-7bae24d8a29a,,
7d2cfb00-dacf-11ef-a3c7-79a7072ca59b,,
82a738d0-dace-11ef-9361-793fea17e050,,
2c114400-dacb-11ef-a37d-5dc7aa678f0c,,
17b5c430-dac7-11ef-896f-119fb9024fcd,,
e4e77040-dac5-11ef-a37d-5dc7aa678f0c,,
c7d9b1c0-dac5-11ef-b167-873658c7e1fd,,
28716fb0-dac5-11ef-bb13-e5444ea65bda,,
6cfa8510-dac3-11ef-a37d-5dc7aa678f0c,,
bb954fd0-dac2-11ef-bb13-e5444ea65bda,,
b2951c60-dabf-11ef-bb13-e5444ea65bda,,
8818a560-dabf-11ef-896f-119fb9024fcd,,
702674d0-dabc-11ef-9d01-d7c317f1db62,,
2427c3a0-dabb-11ef-8a29-65c65bb24f0e,,
505a7d80-dab8-11ef-b167-873658c7e1fd,,
