순위,UUID,닉네임,점수,추가 항목
1,d5d6d240-a388-11ef-9971-a56dbdfe8f59,튜토리얼,10980,5778100원|2025-10-29 18:09:26|11|24|24|24|24|20|8|8|7|8|7|0|0|59.499S|800|800|0a93.4|0a110.7|1540
2,364023f0-7feb-11ef-907a-53cfb9749a97,3300원도아깝,10941,19451300원|2025-10-29 11:12:56|11|24|24|24|23|20|4|8|7|8|7|0|0|2.542S|800|800|0a63|0a100|1540
3,f543f970-8f90-11ef-94ed-cf6209089134,무과금의교과서,10921,11313400원|2025-10-30 22:40:18|11|24|24|24|24|20|4|8|5|7|5|0|0|0|800|800|0a40.3|0a117.1|1540
4,fa266380-807a-11ef-bd85-c334686e1c45,꿈쥐,10920,4297700원|2025-10-30 09:43:24|11|24|24|24|24|20|5|8|6|7|6|0|0|0|800|800|0a90|0a130|1540
5,54ac8250-9587-11ef-bae1-e99e5909ec5f,예슬아,10914,3902500원|2025-10-30 07:49:43|11|24|24|24|24|20|9|7|6|7|6|0|0|406.534R|650|650|0a66.9|0a102.7|1540
6,6454cfe0-807a-11ef-aa01-9d9eae32e1da,메두사,10913,4407700원|2025-10-28 09:44:53|11|24|24|24|24|20|11|7|6|7|4|0|0|331.958R|800|800|0a28|0a105|1540
7,4337c5e0-7e65-11ef-8518-5fedfc5cfa32,동행,10896,5386600원|2025-10-30 09:15:56|11|24|24|24|11|20|6|8|7|7|7|0|0|91.549R|800|800|0a82.9|0a117.5|1540
8,6347f790-89ed-11ef-9fd7-779fb3cc927f,다산,10867,4660700원|2025-10-27 22:38:52|11|24|24|24|24|20|7|7|5|7|5|0|0|10.746R|650|650|1a100|1a600|1247
9,c8263fa0-7d45-11ef-962b-ad2122108947,현타빌런흑천검,10866,15507500원|2025-10-02 01:51:29|11|24|18|24|18|20|3|9|8|8|8|0|0|8.965R|800|800|1a100|1a600|1540
10,c4a47b30-7dae-11ef-9065-db7206b02bb0,별하,10813,21552500원|2025-10-29 20:42:27|11|24|23|24|23|18|0|7|7|7|7|0|0|0|800|800|0a27.6|0a120.7|1483
11,cdf88df0-7f04-11ef-8518-5fedfc5cfa32,레벨업,10691,2068500원|2025-10-29 21:56:26|11|24|19|24|17|20|0|7|4|7|3|0|0|24.418P|650|650|0a1.2|0a100|1323
12,b9f7f9f0-8493-11ef-a2cd-7f6f509a4b68,파인트뤼,10685,4334200원|2025-10-12 09:15:11|11|24|5|24|1|20|0|8|6|7|6|0|0|10.620P|800|800|1a100|1a600|1306
13,b6b10e20-b2bb-11ef-8b0b-3f0a6e303454,간짜장,10676,1879700원|2025-10-25 07:05:29|11|24|21|23|0|20|3|8|8|5|3|0|0|14.937P|600|400|0a40|0a100|1291
14,bbd1d9a0-8f81-11ef-841a-6dd0ed1a3d0e,뿡까,10667,443600원|2025-10-24 00:28:27|11|24|14|22|0|20|0|7|6|7|6|0|0|1.628P|610|800|0a33|0a104|1286
14,2318b310-80b2-11ef-bc75-d1cfe0c7ed4e,늪지,10667,623000원|2025-10-28 17:24:34|11|24|11|22|0|20|1|7|7|7|7|0|0|3.615P|650|600|0a27.3|0a113.3|1275
16,1b55cf60-ae06-11ef-9499-678aa71606e9,6638,10666,107800원|2025-10-30 04:49:34|11|24|13|22|0|18|0|8|3|7|0|0|0|0|600|800|0a38|0a103.6|1285
17,2aa645b0-7e2e-11ef-a668-ef803883de71,그냥놀아,10660,594300원|2025-10-30 07:09:22|11|24|18|24|5|20|2|7|6|7|6|0|0|0|650|650|0a0.9|0a100|1279
17,25d8ad60-7fb5-11ef-b2dd-7d95c0c44acb,칸나비스,10660,37500원|2025-10-30 15:26:44|11|24|9|22|0|20|0|8|5|7|3|0|0|0|650|600|0a11|0a100.1|1278
19,dc6b9c30-7d45-11ef-b8c8-9f6e7b6da44c,아랍왕자,10653,5488000원|2025-10-30 21:02:26|11|24|24|24|5|20|9|7|7|6|4|0|0|7.320P|529|26|1a75.7|1a164.7|1243
20,7c45cc50-7e2a-11ef-9066-215fa3c8bdc9,철표,10645,1409800원|2025-10-30 10:11:12|11|24|15|23|0|18|0|7|5|5|5|0|0|433.490O|800|800|1a100|1a600|1255
21,f04aa580-8069-11ef-836b-0f6dfa26285a,알키오,10633,7700원|2025-10-30 04:03:05|11|24|7|23|0|19|0|7|7|7|7|0|0|222.953O|650|800|0a32.3|0a100|1244
21,1ed928c0-7fae-11ef-a936-374466d1cf50,아이유인나,10633,674500원|2025-10-29 23:15:33|11|24|5|23|0|19|0|8|7|8|7|0|0|0|800|800|1a100|1a500|1244
23,dce62360-7d45-11ef-96ad-3197f55f52cb,불사신,10631,574700원|2025-10-30 00:24:07|11|24|0|22|0|19|0|8|7|7|7|0|0|99.109O|610|800|0a36|0a100|1241
24,8aa0a270-7e3e-11ef-bd39-7ddaa3b45b16,희린,10629,519800원|2025-10-30 07:14:03|11|24|5|23|0|20|1|6|6|6|5|0|0|176.825O|800|800|1a100|1a600|1232
25,ec2610d0-8063-11ef-baad-6992ac4cff27,미카엘,10626,17600원|2025-10-30 03:33:07|11|24|23|22|0|19|0|7|6|6|5|0|0|161.814O|650|800|0a28.3|0a106.5|1228
26,d1de8990-7d76-11ef-aa83-d3b507ee170f,막내시로,10623,331600원|2025-10-29 00:18:16|11|24|5|23|0|19|0|7|5|7|5|0|0|39.092O|800|800|0a29.8|0a103|1223
27,ef155d41-823f-11ef-be13-15abd021136a,산나,10620,149100원|2025-10-30 19:30:58|11|24|11|23|0|19|0|7|5|7|5|0|0|99.412O|650|800|0a43.5|0a101.3|1215
27,56d11d10-80ac-11ef-bcf8-6d57cb3f8a8a,나제,10620,427400원|2025-10-28 08:26:52|11|24|3|23|0|19|0|7|7|7|6|0|0|0|800|800|0a21.5|0a100.3|1221
29,9c098650-824c-11ef-bd85-c334686e1c45,노을,10612,12100원|2025-10-29 13:02:36|11|24|5|23|0|18|0|8|7|8|7|0|0|38.299O|610|800|0a1|0a100|1209
30,2ecc38d0-7d56-11ef-b8d9-f715163409c3,Deep,10609,186000원|2025-10-29 22:40:54|11|24|17|23|0|19|0|7|6|7|6|0|0|52.117O|650|400|1a100|1a600|1147
31,c31d0350-7e1b-11ef-85ab-85fce8c366cb,다륜,10597,53900원|2025-10-30 07:04:59|10|24|3|23|0|19|0|7|4|7|3|0|0|0|800|800|0a6.7|0a100|1192
32,9efd4180-7ff4-11ef-bc75-d1cfe0c7ed4e,다솔,10595,8800원|2025-10-26 07:15:32|10|24|3|22|0|19|0|8|5|7|5|0|0|0|610|800|0a19|0a101|1185
32,6b48a900-91ca-11ef-8a21-338b8a97931f,개무능한운영진들,10595,63800원|2025-10-30 07:13:35|10|24|11|23|0|20|3|7|7|7|7|0|0|0|600|400|1a100|1a600|1180
34,79b779a0-8bba-11ef-89fd-4f3bb0ed4a1c,멍구천사,10591,130900원|2025-10-28 00:52:45|10|24|11|22|0|19|0|7|7|7|7|0|0|7.822O|400|600|0a44.6|0a100|1177
35,ec8efc40-7e28-11ef-a46a-b37baa41bc93,무케아빠,10589,31900원|2025-10-30 01:35:01|10|24|6|23|0|19|0|7|6|7|7|0|0|0|755|600|0a25.2|0a102.3|1177
36,fd79dda0-7df0-11ef-aed1-ffc5ee7315d1,왕먹민,10588,40700원|2025-10-28 20:03:26|10|24|0|22|0|20|0|6|6|5|6|0|0|5.152O|785|800|0a30|0a100|1176
37,d65b92b0-8578-11ef-80cd-ddeb26e7809b,카오스,10583,36700원|2025-10-25 07:09:46|10|24|5|22|0|20|0|7|6|7|7|0|0|2.304O|650|437|0a8.9|0a100|1168
37,19a4e970-7d92-11ef-bb6e-4fa4fdcd99df,가야,10583,7700원|2025-10-29 09:10:39|10|24|19|24|2|20|3|6|6|6|5|0|0|5.482O|400|400|0a0.1|0a100|1167
39,5c586b20-87ba-11ef-af5b-a5d4dcb2ab1d,만주,10574,17600원|2025-10-26 18:43:03|10|24|17|23|0|19|0|7|5|4|2|0|0|0|650|680|1a100|1a600|1164
40,ada972f0-7fbb-11ef-b768-6342da98924b,불타는환타,10571,11000원|2025-10-26 11:08:45|10|24|17|23|0|18|0|6|5|5|5|0|0|0|650|800|1a100|1a600|1163
41,790b2be0-7d47-11ef-9afc-df866259cb8e,해요,10570,41800원|2025-10-28 16:20:05|10|24|5|23|0|18|0|6|6|6|5|0|0|1.406O|800|800|1a100|1a600|1160
42,adbe5060-9539-11ef-85fd-3be389c091b8,쉬폭,10569,37400원|2025-10-29 05:46:14|10|24|7|22|0|19|0|7|6|7|6|0|0|2.048O|650|800|1a100|1a600|1151
43,b25f8310-7e1d-11ef-940d-979db9b8b83a,적안,10568,2326400원|2025-10-19 06:02:28|10|24|5|23|0|17|0|7|6|6|6|0|0|0|650|800|1a100|1a531.6|1155
44,82681920-801a-11ef-addf-0faf8ba860ac,실타래,10567,64900원|2025-10-30 15:11:28|10|24|7|22|0|18|0|6|6|6|6|0|0|1.022O|800|600|0a30|0a101|1156
45,8199b480-8edf-11ef-b1be-f3f72ba09fb6,진수,10565,7700원|2025-10-27 00:37:36|10|23|0|21|0|19|0|7|5|6|5|0|0|0|800|800|0a18.4|0a108.4|1147
46,b62c9e70-7d5e-11ef-a9d4-dda8dcb36c20,한지민,10563,47700원|2025-10-30 07:37:33|10|24|11|24|2|19|0|7|7|6|7|0|0|1.172O|650|650|0a20|0a110|1141
47,18d05120-bba8-11ef-ac5f-bb16b7366ddf,사이판마마,10559,35200원|2025-10-30 17:58:01|10|24|0|22|0|19|0|8|5|7|7|0|0|563.762N|200|600|1a100|1a600|1137
48,d19997b0-b0c3-11ef-a286-29921a7fb1c0,수가,10556,48400원|2025-10-24 08:33:45|10|24|2|23|0|18|0|7|7|7|7|0|0|0|540|800|1a100|1a600|1135
49,fe0bc930-7d47-11ef-9afc-df866259cb8e,산초울,10554,183800원|2025-10-28 23:34:40|10|23|0|23|0|19|0|7|5|5|6|0|0|581.881N|800|800|0a32.5|0a102|1130
49,269dc7b0-a53c-11ef-829d-c9c06ee151c2,달이,10554,8800원|2025-10-24 00:09:03|10|24|20|23|0|19|0|6|5|7|5|0|0|1.070O|400|400|1a100|1a477|1130
51,4cdb9120-82ee-11ef-b9ad-c95d2550c405,케켕,10553,7700원|2025-10-28 18:38:53|10|24|11|22|0|18|0|7|5|7|7|0|0|0|650|400|0a3.5|0a100|1108
52,9fb421f0-b7b9-11ef-bdf6-b54447f8024e,후뭇후뭇후,10552,7700원|2025-10-27 08:56:34|10|24|11|23|0|20|1|7|7|6|6|0|0|0|600|600|0a4.9|0a101.3|1129
52,9d276070-bb86-11ef-ac5f-bb16b7366ddf,복숭펭,10552,34100원|2025-10-29 18:13:49|10|24|0|23|0|16|0|6|1|6|1|0|0|366.164N|600|800|0a36.2|0a110.1|1128
54,6c5b8b60-8bf2-11ef-9b38-256cd5460584,전설방패,10551,480200원|2025-10-30 07:00:11|10|24|0|23|0|19|0|7|7|6|5|0|0|0|650|800|1a100|1a600|1130
55,83e6ad30-8e9c-11ef-beb1-1511436f6497,트랜드,10549,7700원|2025-10-30 21:29:11|10|24|9|23|0|19|0|7|5|7|5|0|0|408.479N|540|600|1a100|1a334.7|1115
56,bf67ac40-7d46-11ef-b8c8-9f6e7b6da44c,국민병정,10544,584100원|2025-10-28 14:12:22|10|23|0|22|0|20|3|5|4|5|4|0|0|99.185N|700|700|0a25|0a100|1124
57,3eddab40-854f-11ef-80cd-ddeb26e7809b,Nia,10542,7700원|2025-10-30 19:56:09|10|24|3|24|0|20|2|6|6|6|6|0|0|320.058N|600|600|0a15|0a100|1123
58,6867c900-91f2-11ef-8205-cb87711975ce,청청청,10540,7700원|2025-10-28 01:13:39|10|24|5|23|0|18|0|7|5|7|5|0|0|0|650|800|1a100|1a525|1123
58,1fe82a80-bac4-11ef-a67d-49a5aacc120f,사신뢰검,10540,28600원|2025-10-30 21:32:38|10|24|2|23|0|20|2|8|5|5|5|0|0|319.886N|650|400|1a100|1a570|1115
60,e610a8d0-967b-11ef-a7d8-057ee49c4332,큐브,10536,128700원|2025-10-30 02:30:50|10|24|0|23|0|19|0|7|7|7|7|0|0|209.410N|600|800|1a100|1a600|1107
60,849a3270-7d48-11ef-96ad-3197f55f52cb,요이땅,10536,89100원|2025-10-27 07:51:36|10|24|2|23|0|19|0|6|6|6|6|0|0|0|650|484|1a100|1a600|1111
62,9cf4b731-7fbb-11ef-aaa0-195c7a818f01,불타는콜라,10530,11000원|2025-10-30 11:01:09|10|24|15|23|0|16|0|6|6|6|4|0|0|180.253N|650|800|1a100|1a600|1096
62,10bb10b0-820f-11ef-be13-15abd021136a,권준,10530,35200원|2025-10-24 21:38:02|10|24|6|22|0|20|0|2|1|4|5|0|0|0|650|600|1a100|1a600|1098
64,3facc270-806a-11ef-907a-53cfb9749a97,미르님,10527,204600원|2025-10-27 01:53:41|10|24|0|23|0|19|0|7|3|7|4|0|0|29.097N|600|0|0a7|0a100|1081
65,53df96c0-7d5c-11ef-80a7-d5c490a34fc1,모자쓴나그네,10526,7700원|2025-10-28 07:54:14|10|24|4|21|0|19|0|7|6|7|5|0|0|134.227N|650|800|1a100|1a515|1093
66,b23680b0-ae14-11ef-91e8-a3d5f338bca3,김슬기,10524,324800원|2025-10-29 08:12:20|10|24|11|24|7|20|0|5|2|3|2|0|0|0|400|400|0a23.7|0a100|1089
66,8f7dcd20-b4c8-11ef-bdd3-e5ff23da30ec,우리집넘추워,10524,15400원|2025-10-28 01:15:17|10|24|4|23|0|19|0|6|6|5|5|0|0|0|650|800|0a27.7|0a100.5|1091
68,da453dc0-aded-11ef-98ac-15adb4cdfb4d,동화야,10513,7700원|2025-10-18 01:41:30|10|24|3|22|0|19|0|6|5|7|5|0|0|11.385N|200|800|1a100|1a579|1083
69,bd2790d0-add9-11ef-93c1-f7bcb2e50e80,매루,10509,7700원|2025-10-25 06:36:29|10|24|11|22|0|19|0|6|5|5|5|0|0|0|650|400|1a100|1a562.9|1078
70,43fea5b0-7e20-11ef-ba31-b77462138e24,담덕,10506,8800원|2025-10-24 18:51:46|10|24|4|23|0|19|0|5|6|6|5|0|0|5.801N|540|800|0a11.8|0a100|1066
71,304d0db0-8dc3-11ef-acd0-5dcea9b12264,하르크,10504,8800원|2025-10-29 23:19:49|10|23|0|21|0|18|0|7|5|6|5|0|0|0|800|800|0a0.1|0a100|1067
72,c558b300-b0d2-11ef-a87b-b5997a27d221,상용,10503,7700원|2025-10-30 21:05:20|10|23|0|22|0|18|0|5|5|5|5|0|0|8.982N|800|800|0a21|0a100|1062
73,63a7e6a0-ca7f-11ef-b3e4-cbb7b500108f,hyades,10501,8800원|2025-10-26 07:40:23|10|24|1|23|0|18|0|7|2|4|1|0|0|3.270N|650|800|0a8.8|0a100|1059
74,e9c3f8f0-883a-11ef-b42a-db7918ab0991,먀오조각사,10497,28600원|2025-10-29 03:57:37|10|24|5|23|0|20|0|3|3|2|2|0|0|0|600|334|0a5|0a100|1054
75,3c2d8d80-acae-11ef-9fa0-bb1555add548,고지주,10486,7700원|2025-10-26 13:18:19|10|24|0|23|0|19|0|6|6|6|6|0|0|0|650|800|1a100|1a600|1045
76,35d62890-7e6c-11ef-95d0-8d9f81e630bb,태제,10485,7700원|2025-10-29 16:07:24|10|24|9|22|0|19|0|6|6|5|5|0|0|1.749N|520|600|0a18.6|0a100|1044
77,7f29e350-caf3-11ef-8bc5-3ddb6ddf929b,꿈과이상,10480,0원|2025-10-02 18:58:29|10|24|1|23|0|17|0|7|5|6|5|0|0|893.311M|300|800|1a54.4|1a202.3|1035
78,91e53b90-9ea0-11ef-a97b-b34359985028,낀창섭,10477,1814000원|2025-10-25 01:11:50|10|24|4|24|0|20|0|7|7|0|0|0|0|0|250|250|1a100|1a490|1027
79,1952df60-7d72-11ef-bd38-6b1421704eae,구미오,10473,7700원|2025-10-03 12:36:26|10|24|5|23|0|18|0|7|6|6|6|0|0|0|650|400|1a100|1a446.1|1022
80,1f975560-bf38-11ef-8ca7-a18a028e948d,하데스님,10470,8800원|2025-10-29 00:23:36|10|24|5|22|0|19|0|5|5|0|0|0|0|0|650|800|0a18.6|0a112.2|1018
81,c3c1cad0-91cf-11ef-a75f-a7e081a6a46c,바딩,10467,7700원|2025-10-30 21:00:06|10|24|11|22|0|20|2|5|5|5|5|0|0|14.515N|650|300|0a1|0a100|1056
82,a584d0c0-b421-11ef-b49d-f3e3914c00d7,뚱이2,10466,0원|2025-10-29 09:08:24|10|23|0|22|0|18|0|7|2|5|4|0|0|0|800|800|0a0.1|0a100|1003
83,89207590-d958-11ef-b87c-952aea98d58b,예압,10447,727800원|2025-10-28 17:43:44|9|23|0|22|0|18|0|7|4|5|3|0|0|242.473M|800|200|0a2|0a100|981
84,ac9d42f0-c760-11ef-ac07-0d7692e7b361,MSH,10446,8800원|2025-10-30 00:36:52|9|24|0|23|0|19|0|7|6|7|6|0|0|0|640|800|0a2.1|0a100|991
85,06256050-e06b-11ef-a624-21fbda48aafc,안돼처남,10444,29700원|2025-10-29 02:59:52|9|23|0|23|0|18|0|5|5|5|5|0|0|0|800|800|0a0.1|0a100|983
86,ed737330-d5e8-11ef-8837-235c25dfaf8b,알파카d,10443,7700원|2025-10-30 01:40:59|9|24|5|23|0|19|0|6|6|6|6|0|0|0|250|600|0a2|0a100|982
87,ea9cac80-d5e8-11ef-b9cc-bd1746b7b93e,왈라비g,10441,7700원|2025-10-30 01:40:53|9|24|5|23|0|19|0|6|5|6|5|0|0|0|250|600|0a2|0a100|980
88,c1f901a0-80cc-11ef-aa9e-15fab7b9a721,팩장,10435,30800원|2025-10-23 12:18:13|9|24|5|24|0|20|0|5|2|0|1|0|0|48.180M|600|403|1a100|1a421.5|930
89,32375360-7e1e-11ef-af38-9bf5ec835c9c,진도,10433,7700원|2025-10-01 00:30:03|9|24|8|23|0|17|0|6|4|5|3|0|0|90.056M|520|600|1a97.4|1a191|975
90,ec9cd5b0-9523-11ef-85fd-3be389c091b8,기드,10432,7700원|2025-10-27 09:21:29|9|24|4|24|5|19|0|4|4|5|5|0|0|0|650|650|1a100|1a534.6|969
90,cf653151-b7af-11ef-bdd3-e5ff23da30ec,볼빨간큐떱,10432,7700원|2025-10-23 15:43:26|9|24|5|23|0|20|0|7|6|5|5|0|0|0|400|400|1a100|1a398.9|968
92,83fd6710-b63c-11ef-8938-fd69c1d19549,송강,10427,8800원|2025-10-29 01:25:55|9|23|0|22|0|16|0|6|6|6|5|0|0|41.574M|800|800|1a100|1a600|965
92,6d221ff0-af42-11ef-9440-957103c27048,코딱지대마왕,10427,8800원|2025-10-26 00:50:29|9|23|0|22|0|20|1|5|5|5|4|0|0|0|780|303|1a66|1a175|968
94,198234e0-b3b9-11ef-a750-a748abb5e07c,걍쥐,10422,7700원|2025-10-26 18:12:16|9|24|7|24|3|18|0|5|3|4|4|0|0|54.681M|600|405|1a80|1a240|962
95,1dc050d0-ae34-11ef-9499-678aa71606e9,할로할로,10415,7700원|2025-10-27 14:37:28|9|23|0|21|0|20|0|7|7|5|6|0|0|0|400|400|1a77.6|1a501.2|946
96,fd50f330-b014-11ef-ac4e-75c8db92a109,찬스매니아,10410,7700원|2025-10-27 05:39:24|9|24|3|24|0|18|0|7|7|6|6|0|0|0|600|491|1a91|1a227.7|937
97,8dcc9d20-7e82-11ef-b2ad-4f0218c06838,악귀강림,10407,42600원|2025-10-17 01:52:24|9|24|0|23|0|18|0|6|7|6|6|0|0|0|600|600|1a100|1a480|853
98,6f262ab0-e081-11ef-8fb1-67b2d1ca0129,나를따르라,10402,7700원|2025-10-30 00:41:05|9|24|6|23|0|20|0|5|4|5|5|0|0|0|400|400|1a100|1a460.8|929
99,496af0f0-dc7e-11ef-aa4c-e339bc3520b8,좋소워리어,10393,7700원|2025-10-30 19:52:00|9|24|0|22|0|19|0|4|3|0|0|0|0|5.850M|600|100|0a2|0a100|923
100,472504e0-bd4b-11ef-b2e0-8da5632819f3,봉방,10392,8800원|2025-10-08 20:42:51|9|24|5|22|0|16|0|6|2|3|4|0|0|4.031M|600|509|1a100|1a423.3|888
101,f3e4f5c0-eeb3-11ef-a429-15e29f0bdd8b,누노,10386,0원|2025-10-30 02:14:26|9|22|0|21|0|18|0|7|6|7|5|0|0|0|800|800|1a100|1a186.7|910
101,bf0e3fb0-e0b1-11ef-92ee-7b3f29e20832,줴민이,10386,0원|2025-10-25 10:36:21|9|23|0|23|0|18|0|2|0|2|0|0|0|850.096L|800|405|0a11.8|0a100|909
103,fee1b040-8bc0-11ef-96be-211c08efb77c,혈황,10384,59400원|2025-10-29 12:17:07|9|23|0|22|0|19|0|1|1|1|0|0|0|0|800|800|1a95.7|1a255|906
103,46547ef0-d156-11ef-99f4-737f0e742b95,아수라,10384,8800원|2025-10-10 06:52:09|9|23|0|23|0|19|0|6|6|6|6|0|0|1.443M|600|600|1a43.4|1a121.6|904
105,a179df90-6167-11f0-8247-e10178c3de1a,쿠빈,10373,2097700원|2025-10-28 17:34:36|9|24|4|24|2|20|0|0|3|0|0|0|0|0|362|261|0a4.3|0a100|889
106,9eeebdf0-dfac-11ef-be8f-2b62a82593f5,혈풍천마,10372,0원|2025-10-26 13:28:13|9|23|0|21|0|18|0|7|4|5|4|0|0|0|600|400|0a10|0a100|888
107,a6dc62d0-e437-11ef-b319-d5615161e6d5,플라이마스,10367,7700원|2025-10-29 17:35:21|9|23|0|22|0|16|0|5|4|4|2|0|0|162.467L|800|439|1a94.5|1a238.1|885
108,842fec70-7f4c-11ef-b5a8-07b4b9994f57,서기적,10366,202900원|2025-10-18 14:51:15|9|24|5|24|2|19|0|5|5|4|0|0|0|427.327L|560|442|0a2.1|0a100|859
109,255242e0-7d92-11ef-803d-1b444e27b398,백제,10365,7700원|2025-10-30 21:33:19|9|24|0|24|0|19|0|6|6|5|5|0|0|410.593L|205|221|1a79.6|1a217.2|883
110,8d226311-7f35-11ef-bf06-776ff2083e22,티플렌,10364,40700원|2025-10-28 22:19:33|9|24|5|24|4|20|1|3|3|3|1|0|0|310.616L|300|300|1a80|1a275|883
111,2b3daa00-e0a2-11ef-a624-21fbda48aafc,적누야미,10363,7700원|2025-10-28 18:24:44|9|24|1|23|0|20|0|6|3|3|3|0|0|0|300|300|1a100|1a567.9|884
112,f0a11ab0-ad9f-11ef-93c1-f7bcb2e50e80,황룡산,10362,40700원|2025-10-27 19:21:56|9|23|0|23|0|18|0|6|4|0|0|0|0|0|800|0|1a100|1a346.8|883
113,f26a5840-b9f0-11ef-a67d-49a5aacc120f,고독한항해자,10358,7700원|2025-10-30 05:58:34|9|24|0|22|0|19|0|5|5|5|5|0|0|1.469M|540|800|1a100|1a380|867
114,87909fd0-9ce9-11ef-9b4b-f728351e0105,마신대천역,10357,7700원|2025-10-28 21:32:17|9|24|7|23|0|20|3|3|3|2|0|0|0|296.062L|400|133|1a90|1a224.4|875
115,a7f23830-c541-11ef-b870-333143f5e80c,우인상,10356,7700원|2025-10-28 19:32:48|9|24|2|23|0|18|0|5|5|4|3|0|0|136.041L|430|600|1a100|1a365|873
116,d8aa0580-980e-11ef-ab9b-79ddfffeacdf,코코상,10354,98900원|2025-10-22 11:36:49|9|23|0|22|0|0|0|5|5|5|5|0|0|259.560L|800|762|1a93.9|1a222.6|864
116,42224ed0-cda4-11ef-97aa-470af6a6e97b,베가,10354,7700원|2025-10-13 01:45:27|9|24|3|24|3|19|0|0|0|0|0|0|0|0|600|600|1a100|1a430|866
118,75427350-6181-11f0-9be8-c76ee4422dfd,소룡녀,10352,407000원|2025-10-30 00:25:59|9|23|0|20|0|18|0|7|5|7|0|0|0|0|500|500|1a95|1a240.3|856
119,f87fd970-dff3-11ef-82a2-9965988d02ad,루가르,10351,18700원|2025-10-25 12:30:17|9|24|2|23|0|18|0|7|7|7|3|0|0|0|200|400|1a69.1|1a500.3|862
119,ecd834b0-7df0-11ef-bc1a-0b38884b791f,흑룡대격전,10351,8800원|2025-10-30 11:34:29|9|24|6|24|6|18|0|0|0|0|0|0|0|238.507L|540|540|1a28.7|1a208.6|850
121,84588300-7d9f-11ef-80a7-d5c490a34fc1,styles7,10345,74800원|2025-10-28 02:07:01|9|24|2|22|0|19|0|5|5|5|4|0|0|57.762L|600|400|1a71|1a145.7|847
121,2538e390-7d47-11ef-bd38-6b1421704eae,류아,10345,145900원|2025-09-26 15:35:02|9|23|0|20|0|17|0|7|6|6|5|0|0|0|600|400|1a71.8|1a134|864
123,be7af010-b1f0-11ef-94e0-19049ff317b3,아허리아퍼,10344,8800원|2025-10-18 21:49:28|9|23|0|23|0|19|0|6|0|0|0|0|0|0|800|400|1a100|1a430|851
124,a1cca9d0-b84a-11ef-8301-379174ed8b4f,표류과장,10336,35200원|2025-10-29 08:05:18|9|23|0|22|0|19|0|6|6|6|6|0|0|0|600|600|1a63.7|1a165.6|833
125,408dc880-c1e5-11ef-8a42-1369d0e3ae02,고윤정,10334,171800원|2025-10-30 20:54:39|9|24|0|23|0|19|0|7|5|6|5|0|0|45.840L|400|400|1a95.6|1a104.5|844
126,0392d090-d902-11ef-b61b-637f093c56d6,하린,10333,47400원|2025-10-27 01:05:36|9|23|0|22|0|17|0|5|5|0|2|0|0|79.692L|600|600|1a70|1a320|847
127,33142480-8b74-11ef-9a26-4bffc5e4aae0,제이드,10332,58300원|2025-10-30 20:27:43|9|24|0|23|0|20|0|3|3|3|3|0|0|78.455L|400|400|1a91|1a400|846
128,310cf5f0-bed1-11ef-b3ee-0716f68882f9,하늘색꿈,10329,0원|2025-10-29 21:55:43|9|24|0|22|0|20|0|0|0|0|0|0|0|0|650|200|1a66.5|1a205.1|841
129,48362690-bab5-11ef-b4b0-b1be39c939ee,치치치,10319,7700원|2025-10-28 18:42:42|9|24|11|21|0|20|0|0|0|0|0|0|0|10.852L|558|259|1a69.5|1a225.9|816
130,c7c75c20-b30e-11ef-8c20-f72da72c3815,실룩샐룩,10313,7700원|2025-09-28 12:37:14|9|22|0|22|0|17|0|5|5|5|5|0|0|0|600|600|1a82|1a160|824
131,85b8c610-2763-11f0-b1b7-07a1d79b08bc,슌샤파파,10310,56100원|2025-10-19 08:06:34|9|23|0|21|0|17|0|7|5|4|3|0|0|0|800|250|1a82.8|1a144.4|889
132,e1fd6e30-ab3a-11ef-8157-07c30ce58855,풀발우성,10297,8800원|2025-10-30 09:16:04|8|23|0|23|0|0|0|6|7|6|5|0|0|0|800|800|1a94.2|1a266|790
133,f0e4c7f0-b967-11ef-b065-e790c5b1e7f4,마리뿅,10284,7700원|2025-10-15 12:42:01|8|24|5|21|0|16|0|6|5|0|0|0|0|0|600|300|1a70.2|1a161.2|772
134,bdd7c670-b9ec-11ef-bb4e-f7ed8eccf7e5,동디,10279,19800원|2025-10-26 02:08:38|8|23|0|22|0|16|0|0|0|0|0|0|0|624.213K|800|81|1a34.1|1a142.7|768
135,6b79a470-b442-11ef-ae97-4353aee62c39,봉골레,10276,11000원|2025-10-19 09:08:40|8|23|0|22|0|18|0|0|0|0|0|0|0|0|800|754|1a30|1a120.5|766
136,5cae8490-b363-11ef-a56f-01299e95466d,GoDiva,10275,8800원|2025-09-27 19:49:15|8|23|0|23|0|19|0|0|0|0|0|0|0|442.814K|800|227|1a67.6|1a101.2|767
136,027a1b60-82d0-11ef-9e84-454aa5e77617,앵케,10275,7700원|2025-10-13 20:03:33|8|23|0|21|0|18|0|6|2|5|2|0|0|292.449K|600|400|1a73|1a130|763
138,b1007530-a080-11ef-aaa2-f58923c0661a,키키,10274,125600원|2025-10-23 23:04:33|8|22|0|22|0|18|0|0|0|4|3|0|0|0|500|500|1a100|1a230|764
139,44a90370-aba7-11ef-a9dd-01e33bb298a5,버터코코아,10272,8800원|2025-10-29 08:48:45|8|23|0|22|0|15|0|5|5|3|3|0|0|478.684K|400|400|1a41|1a224|736
140,10803cb0-7d50-11ef-9afc-df866259cb8e,갑수,10271,132700원|2025-10-29 09:12:23|8|24|0|21|0|19|0|3|2|2|0|0|0|0|200|400|1a71|1a142.6|698
141,6346a8f0-d5a5-11ef-a275-e3d0701e297d,P용신,10267,7700원|2025-10-27 23:41:50|8|24|0|21|0|18|0|0|0|0|0|0|0|0|200|700|1a90|1a230|743
142,53652810-b0cc-11ef-a87b-b5997a27d221,재원,10265,29700원|2025-10-12 22:20:35|8|24|0|23|0|19|0|4|1|1|0|0|0|0|200|400|1a100|1a183|746
143,77820bc0-bc7d-11ef-8ecf-4527048b9d27,나몽이,10263,7700원|2025-10-20 22:08:19|9|23|0|22|0|18|0|6|5|5|5|0|0|0|600|600|1a67|1a170|852
144,5f62b9e0-ab25-11ef-864b-d7a00d2ead55,ss단ss,10260,8800원|2025-10-19 08:46:51|8|24|0|21|0|0|0|4|4|4|3|0|0|0|548|400|1a20.1|1a330.5|740
145,448f6e50-b797-11ef-9c97-adf4e6df20d8,대롱이,10258,7700원|2025-10-23 08:32:30|8|23|0|23|0|18|0|5|5|0|0|0|0|0|800|800|1a64.8|1a189.1|765
146,34df7960-b51b-11ef-ae97-4353aee62c39,한땀,10257,7700원|2025-10-27 05:36:48|8|23|0|23|0|18|0|0|0|0|0|0|0|0|800|420|1a30|1a280|736
147,ea223040-d633-11ef-8072-7bc6bf465123,쓰리콤보,10251,7700원|2025-10-25 17:46:54|8|24|0|23|0|19|0|5|5|0|0|0|0|0|400|400|1a36.7|1a151|731
148,e90abea0-b6eb-11ef-b186-998c850bb91f,정챙니,10248,7700원|2025-10-30 18:53:04|8|23|0|22|0|19|0|4|4|0|0|0|0|123.976K|600|600|1a61.5|1a207.3|726
149,378290b0-d91c-11ef-b61b-637f093c56d6,가면용,10246,0원|2025-10-20 22:21:57|8|23|0|22|0|18|0|0|0|0|0|0|0|0|730|386|1a62|1a177|724
150,f7762810-52a6-11f0-9d22-019b29b9bd0c,잉크쟁이,10244,128700원|2025-10-29 21:26:33|8|23|0|23|0|19|0|6|3|0|0|0|0|0|400|400|1a74|1a139|723
150,af8102d0-5406-11f0-b543-5bdef5118bd2,임영대군,10244,11000원|2025-10-28 18:23:52|8|23|0|20|0|18|0|6|3|5|4|0|0|0|360|360|1a53.9|1a147.6|727
152,4e40cb40-5488-11f0-ac93-bfea92c8a2c4,첫걸음,10241,7700원|2025-10-28 07:50:58|8|23|0|21|0|19|0|5|0|5|0|0|0|0|360|300|1a52.4|1a102.7|721
153,7bae0c70-7e67-11ef-a91c-4d1f43b16fc3,RAONIST,10238,18700원|2025-10-21 22:41:28|8|23|0|21|0|18|0|3|1|2|3|0|0|0|500|500|1a50|1a110.2|715
153,0513d470-617c-11f0-bf69-93acd3a1eb00,twvking,10238,36300원|2025-10-30 13:20:20|8|23|0|20|0|19|0|5|4|5|5|0|0|0|400|400|1a65|1a121.6|712
155,7fe45001-615c-11f0-99e5-551c9e503472,아이구,10237,28600원|2025-10-30 21:49:37|8|23|0|20|0|16|0|0|0|0|5|0|0|23.686K|600|600|1a72.7|1a100|715
156,13873ee0-b5ea-11ef-b8f1-4fbb48b6fcd7,손만잡고잘게,10236,7700원|2025-10-30 05:50:46|8|24|5|23|0|19|0|6|6|0|0|0|0|21.076K|600|500|1a100|1a291.6|697
157,c48f8090-ab35-11ef-b178-054b573bb50d,ol호랑이lo,10235,16500원|2025-10-30 16:46:35|8|24|0|23|0|15|0|0|0|0|0|0|0|72.347K|250|419|1a34.5|1a203.4|708
158,90f2b5f0-db40-11ef-a0ca-0133bcd1d569,일엽지추,10232,7700원|2025-10-14 20:48:21|8|23|0|22|0|17|0|5|5|5|4|0|0|42.427K|300|300|1a31|1a140|692
159,30d363d0-ab53-11ef-8b98-37ba62d9e524,희빈,10230,0원|2025-10-17 20:09:47|8|24|0|23|0|16|0|0|0|0|0|0|0|0|61|394|1a40|1a310|694
160,d134d0d0-b444-11ef-ac5a-e167c52f8a6c,hider0v0,10226,0원|2025-10-29 06:00:42|8|23|0|23|0|18|0|3|4|0|0|0|0|0|500|300|1a63.1|1a114.3|693
161,0010f1e0-616f-11f0-afd3-05dd5d8d8e04,삼둥이아빠,10221,51700원|2025-10-29 09:42:54|8|23|0|20|0|17|0|5|5|0|0|0|0|0|600|600|1a68|1a103|688
162,206382f0-4d6a-11f0-a8be-f368aa58e840,하늘영,10214,234300원|2025-10-29 09:02:48|8|23|0|23|0|15|0|0|0|0|0|0|0|0|390|390|1a54|1a166.5|685
163,c20e6f90-549d-11f0-9be9-a3d167c640f6,롱티,10206,106700원|2025-10-23 19:17:42|8|22|0|20|0|19|0|5|2|0|0|0|0|0|400|400|1a30|1a170|651
164,a5199940-ba6b-11ef-923c-656db28605a8,별난이,10194,11000원|2025-10-18 03:56:29|8|23|0|23|0|0|0|5|4|0|0|0|0|0|739|800|1a31.2|1a173|651
165,69076910-decd-11ef-ba32-2d52ba76708c,타임머신인간,10192,7700원|2025-10-30 17:54:48|8|23|0|21|0|19|0|5|6|0|0|0|0|0|400|400|1a48.3|1a176.8|646
166,f34f0ae0-8074-11ef-b768-6342da98924b,위영위영,10186,24200원|2025-10-11 23:24:50|8|23|0|22|0|15|0|4|3|0|0|0|0|0|470|280|1a13.6|1a129|645
167,2659b500-ca37-11ef-8de3-2ba1fc91cb22,승승짱구,10181,7700원|2025-09-24 19:38:36|8|23|0|23|0|6|0|3|2|0|0|0|0|0|400|400|1a28.2|1a150.7|643
168,b0d13530-ac70-11ef-9203-e5502dda7991,싸늘한이버,10179,7700원|2025-10-25 04:11:37|8|24|1|22|0|19|0|0|0|0|0|0|0|0|277|300|1a28.4|1a138.9|641
169,4d8227d0-b145-11ef-8b22-31d93b98bb41,vdf,10178,16500원|2025-10-28 19:09:16|8|23|0|21|0|17|0|0|0|0|0|0|0|0|400|327|1a37.6|1a139|640
170,f0880040-bcfc-11ef-8a37-954f963717f7,똘미아빠,10176,8800원|2025-10-19 20:34:01|8|23|0|21|0|0|0|0|0|0|0|0|0|0|800|300|1a71.7|1a156.5|668
171,81735860-7ee7-11ef-962e-4f7b92cb3e9c,별빛라떼,10170,14300원|2025-10-28 10:48:20|8|22|0|22|0|18|0|5|5|0|0|0|0|230.186J|300|300|1a44.4|1a100.1|617
172,67e73050-d85c-11ef-9b1d-4749c01f968a,메로나짱,10169,0원|2025-10-19 11:57:36|8|22|0|22|0|16|0|5|3|0|0|0|0|286.082J|380|360|1a21.3|1a157.8|618
173,b2c04180-c249-11ef-aca5-0357422bc51e,효가,10164,7700원|2025-10-30 01:01:49|8|24|0|23|0|18|0|0|0|0|0|0|0|0|350|350|1a25.1|1a199.7|610
174,ad741770-ab73-11ef-9d4f-85486f726cf1,오윤코코,10142,8800원|2025-10-07 07:07:32|7|24|10|24|1|0|0|0|0|0|0|0|0|0|300|300|1a31.7|1a152.9|580
175,978dc980-6138-11f0-a19a-9d5627d71f9b,담배,10130,7700원|2025-10-30 00:11:36|7|23|0|22|0|18|0|4|4|0|0|0|0|0|300|300|1a37.4|1a131.2|567
176,4fdf7ba0-c8a5-11ef-b3ea-e9ab84aaf4b7,팔한짝없음,10124,8800원|2025-09-28 18:16:11|8|24|1|23|0|0|0|2|4|3|5|0|0|0|200|600|1a92.7|1a136.8|755
177,4a3cb070-6173-11f0-b8ec-ff4c893fa1c0,good소영,10117,7700원|2025-10-29 11:46:18|7|23|0|21|0|18|0|0|0|0|0|0|0|0|400|400|1a33|1a156|557
178,59a86100-b546-11ef-b8d7-599a77a8c4db,진성,10116,0원|2025-09-25 07:54:36|7|23|0|22|0|17|0|4|4|0|0|0|0|0|300|300
179,8e743440-ab23-11ef-8a5d-fb4b569024fa,asi,10112,8800원|2025-10-28 08:27:16|7|23|0|23|0|17|0|0|0|0|0|0|0|0|300|300|1a2.7|1a114.7|549
180,e5f602b0-d7a7-11ef-9e5e-2918b340880f,종원이,10111,7700원|2025-10-19 12:30:25|7|22|0|20|0|19|0|0|0|0|0|0|0|1.232J|300|300|1a19|1a160|548
181,5a6a68a0-9993-11ef-82f5-a75626bcbdce,gusdnekd,10110,16500원|2025-10-29 20:26:54|7|23|0|23|0|16|0|4|4|0|0|0|0|0|300|300|1a18|1a151|546
182,20188370-3fc5-11f0-8fac-6b6d0a4cb493,린바,10108,18700원|2025-10-16 19:05:57|7|23|0|23|0|16|0|0|0|0|0|0|0|0|400|400|1a20.1|1a120.1|547
183,716bc9f0-5148-11f0-bac9-5394e7bd22d7,사라,10107,58300원|2025-09-27 01:15:20|7|22|0|20|0|15|0|0|0|0|0|0|0|0|489|301|1a20.8|1a109.6|545
183,58aaf980-7db4-11ef-828a-ab1ebb43cccf,kar26,10107,7700원|2025-10-30 18:53:54|7|23|0|23|0|14|0|0|0|0|0|0|0|0|220|220|1a0|1a100|545
185,13c6a610-cf4a-11ef-b95f-ebaeff332cc0,청자룡,10106,34100원|2025-10-29 10:22:21|7|23|0|23|0|17|0|0|0|0|0|0|0|0|400|200|1a10|1a135|536
186,3f3ea110-7e2a-11ef-a5c3-6759eeeb345b,artruis,10104,29700원|2025-10-23 01:19:44|7|22|0|22|0|16|0|5|4|0|0|0|0|0|200|200|1a0|1a100|540
187,908edf70-cfd9-11ef-87bd-eb2e5e352cb1,허성,10103,143800원|2025-10-30 17:08:00|7|23|0|23|0|17|0|4|4|0|0|0|0|0|300|300|1a6.4|1a104.1|539
187,52a64d00-6125-11f0-a19a-9d5627d71f9b,귀주대첩,10103,44000원|2025-10-30 06:04:18|7|24|2|22|0|18|0|0|0|0|0|0|0|0|300|200|1a6.6|1a141.1|537
189,4d9c30d0-b2f8-11ef-b79e-71cbcc9fed2c,펠단,10100,166100원|2025-10-12 03:26:18|7|24|2|21|0|14|0|0|0|0|0|0|0|0|300|260|1a0|1a100|534
190,f62a5ac0-ab7c-11ef-9d4f-85486f726cf1,팡이,10099,7700원|2025-10-27 00:28:41|7|23|0|21|0|18|0|0|0|0|0|0|0|0|200|200|1a21|1a160|532
191,072f25c0-16fe-11f0-ba6c-49276427a68d,soosam,10098,0원|2025-10-30 17:45:50|7|21|0|22|0|17|0|0|0|0|0|0|0|0|350|300|1a0|1a100|531
192,ba610e60-8095-11ef-836b-0f6dfa26285a,슈렉,10097,7700원|2025-10-02 05:48:53|7|22|0|20|0|17|0|0|0|0|0|0|0|0|400|400|1a1.8|1a101.3|530
193,01b84190-ad7b-11ef-80b0-1f3f8f1c75aa,지상최강,10096,0원|2025-10-21 18:16:15|7|23|0|22|0|0|0|0|0|0|0|0|0|109.487I|400|400|1a35.3|1a185|527
194,e3dd9b90-6173-11f0-8822-43e85f1a530f,나막소,10095,0원|2025-10-30 06:50:42|7|23|0|22|0|18|0|0|0|0|0|0|0|0|410|400|1a0.1|1a100.1|526
194,0f71def0-53f1-11f0-8805-b3badd4d1eaa,최태원,10095,7700원|2025-10-09 13:28:32|7|24|0|21|0|18|0|0|0|0|0|0|0|65.861I|200|200|1a0|1a100|526
196,7f7e3020-dec3-11ef-b7cd-8339d402dc13,Saint,10088,29700원|2025-10-24 18:24:16|7|22|0|20|0|17|0|0|0|0|0|0|0|26.301I|400|400|1a39|1a122|517
197,3166e1a0-e956-11ef-accb-fd363b14cec2,크롱,10085,7700원|2025-10-25 11:06:38|7|24|5|22|0|12|0|0|0|0|0|0|0|0|300|300|1a59|1a100|546
198,593aff40-aced-11ef-9051-c548b6a59ffe,때타올,10082,0원|2025-10-27 17:32:54|7|22|0|22|0|15|0|0|0|0|0|0|0|0|210|210|1a22|1a103|501
199,1ea90aa0-d62a-11ef-8072-7bc6bf465123,바람신,10081,0원|2025-10-23 06:47:29|7|23|0|23|0|15|0|0|0|0|0|0|0|0|300|300|1a0|1a100|506
200,0f63f860-cebf-11ef-9f21-590451aad25e,조용국,10080,8800원|2025-10-28 01:22:27|7|22|0|21|0|16|0|0|0|0|0|0|0|5.828I|200|200|1a0|1a100|506
201,825bafa0-9bfe-11ef-adab-ebdde6c82dde,역화,10068,7700원|2025-10-29 19:17:16|9|24|5|23|0|20|1|5|5|5|4|0|0|352.779L|400|400|1a70|1a210.1|842
202,cb441570-b5f0-11ef-a206-db7a4a43e872,피크닠,10065,27500원|2025-10-30 16:08:33|6|21|0|19|0|13|0|0|0|0|0|0|0|403.692H|300|200|1a0|1a100|485
203,c42f14d0-7d45-11ef-aaa2-bf7ed5ce1787,D스,10054,28600원|2025-10-28 21:49:55|6|23|0|21|0|16|0|0|0|0|0|0|0|0|300|186|1a0|1a100|472
204,08a2d0e0-e333-11ef-adb0-454616481ad7,다쿠아즈,10052,7700원|2025-09-26 01:33:56|8|24|5|22|0|16|0|0|0|0|0|0|0|0|400|300|1a21.7|1a105.1|647
205,d352b3c0-6117-11f0-91d6-b1e4615a068a,준기,10050,11000원|2025-10-25 22:22:08|6|23|0|22|0|15|0|0|0|0|0|0|0|0|341|265|1a0|1a100|466
205,2a6c95d0-dba9-11ef-8c9e-2f550fcbb0ac,제갈명월,10050,0원|2025-10-27 23:57:37|6|23|0|22|0|15|0|0|0|0|0|0|0|0|200|200|1a0|1a100|466
207,83925360-b382-11ef-8f2c-7191e14f2011,국이꾹이,10041,7700원|2025-10-05 22:55:26|6|22|0|22|0|0|0|0|0|0|0|0|0|0|300|300|1a0|1a100|461
208,cc7c5a70-b397-11ef-b886-05286a4e2c7a,초롱매실,10038,0원|2025-09-22 17:21:15|6|23|0|23|0|0|0|0|0|0|0|0|0|0|200|200
208,0a43e020-614a-11f0-96bb-e132d97f8ce0,볼리,10038,7700원|2025-10-23 01:56:33|6|21|0|20|0|0|0|0|0|0|0|0|0|0|400|307|1a0|1a100|452
210,2cfb16f0-abe8-11ef-b8a4-7f7b772ead33,아언,10028,7700원|2025-10-09 17:29:41|8|22|0|23|0|19|0|7|5|7|4|0|0|0|280|280|1a59.2|1a287.3|763
211,d53576d0-86b8-11ef-9736-ede87ef6efd9,호떡장수,10015,7700원|2025-09-22 08:26:57|8|22|0|23|0|15|0|0|0|0|0|0|0|7.696K|600|600
212,da0b94d0-bdbf-11ef-bb0a-11fecacd9b42,나비이,10006,7700원|2025-10-20 17:15:06|6|23|0|23|0|18|0|0|0|0|0|0|0|118.830H|200|200|1a0|1a100|461
213,0d956ae0-8208-11ef-9190-8f999e30b761,prysky,10003,7700원|2025-10-06 11:01:05|8|23|0|24|0|0|0|7|7|6|6|0|0|14.300K|300|0|1a95.1|1a210.1|683
214,e254af00-be4b-11ef-869e-d78576195d07,공공이,10002,100100원|2025-09-23 00:36:21|7|23|0|23|0|14|0|1|1|0|0|0|0|0|200|200
215,fc3659c0-965d-11ef-ab9b-79ddfffeacdf,엘리트와룡,1085,538700원|2025-10-29 14:23:45|10|24|5|23|0|19|0|5|5|5|5|0|0|0|695|800|1a100|1a565.3|1085
216,c9dcea70-bb79-11ef-896a-6fd8ce54c859,음무기,1043,8800원|2025-10-20 00:28:32|10|24|5|23|0|18|0|8|7|7|7|0|0|1.443N|400|600|1a100|1a418.6|1043
217,0b1d3380-7e19-11ef-86b3-195a0e601df9,9955,1041,8800원|2025-10-27 20:20:05|10|24|17|22|0|20|0|5|5|3|5|0|0|0|510|300|1a59|1a171.2|1041
218,864f2c70-e435-11ef-b2da-5d1b4914c54f,zexon,820,150700원|2025-10-17 21:16:40|9|24|0|23|0|20|0|7|5|3|1|0|0|0|300|300|1a91.2|1a241.6|820
219,94b54930-b883-11ef-bdd3-e5ff23da30ec,천리독행,818,7700원|2025-10-30 08:13:03|9|23|0|22|0|16|0|0|0|0|0|0|0|0|800|800|1a93|1a124.6|818
220,82344f50-ca52-11ef-918f-9ba5b209116b,월광무,789,8800원|2025-09-24 22:07:33|8|24|5|23|0|15|0|5|5|3|5|0|0|0|650|250
221,d42ce7a0-92c5-11ef-8128-0511b4ff84c3,묵향비화,776,7700원|2025-10-28 08:27:01|8|24|18|24|6|0|0|0|0|0|0|0|0|0|300|300|1a83.3|1a236.8|776
222,c3c59a60-bdcc-11ef-9775-55a19fdd04a9,오닉,762,7700원|2025-10-29 00:29:28|8|24|3|24|0|19|0|0|0|0|0|0|0|411.007K|423|0|1a1.5|1a132|762
223,cdb3b9a0-9df9-11ef-9cb4-8d35fc0b1273,안췍,731,12100원|2025-09-03 01:52:45|8|22|0|21|0|15|0|5|3|5|5|0|0|0|600|600|1a52.3|1a134.9|731
224,6da85d00-c756-11ef-b8b7-471b06b359c9,천선화,692,7700원|2025-09-25 07:24:27|8|23|0|23|0|19|0|5|5|5|5|0|0|0|300|300
225,86394720-87f6-11ef-83b3-d9704da7d18a,이자큐,683,7700원|2025-10-28 21:00:14|8|22|0|20|0|15|0|5|3|4|2|0|0|3.520K|470|414|1a14.2|1a144.2|683
226,6c8472e0-7dca-11ef-aed1-ffc5ee7315d1,썬썬,666,0원|2025-10-30 00:19:26|8|23|0|21|0|11|0|6|6|4|5|0|0|5.065K|200|200|1a40|1a180|666
227,cceae9e0-b2ca-11ef-a464-37c500225cee,슬국,660,8800원|2025-06-14 01:34:36|8|23|0|22|0|0|0|0|0|0|3|0|0|0|600|600|1a0|1a100|660
228,fcf4a540-af0a-11ef-be6a-9db3ae4ff6d0,홍실이,651,7700원|2025-10-27 07:07:38|8|24|5|23|0|18|0|0|0|0|0|0|0|0|400|200|1a24|1a110|651
229,719b2c20-80b7-11ef-b893-4359806a2158,나야나,644,7700원|2025-04-12 22:47:10|8|24|2|21|0|0|0|5|1|2|3|0|0|0|200|0|1a0|1a100|644
230,2637f9e0-9adc-11ef-8914-2bb2f37fcc8c,윤호가왕,618,7700원|2025-07-27 23:50:47|8|23|0|22|0|0|0|3|2|4|4|0|0|0|400|400|1a61|1a241|618
231,5598de80-df0f-11ef-a46c-9bac08d5d36e,머리털도사,584,0원|2025-10-29 01:41:20|7|22|0|23|0|0|0|0|0|0|0|0|0|0|196|40|1a55.1|1a155.1|584
232,4ac87690-bcec-11ef-80d1-c5b2129852d8,동방삭이,567,8800원|2025-10-13 18:37:41|7|24|5|24|5|0|0|0|0|0|0|0|0|0|300|300|1a23|1a166|567
232,0618e7a0-aeaf-11ef-be6a-9db3ae4ff6d0,난중왕,567,29700원|2025-10-25 08:39:01|7|22|0|22|0|18|0|0|0|0|0|0|0|0|600|0|1a20|1a240|567
234,dfdc1b80-98c8-11ef-81c5-6f1ac3b9ab8f,먹튀각,558,308600원|2025-10-23 00:54:36|7|22|0|23|0|14|0|5|5|3|3|0|0|0|400|400|1a31.6|1a131|558
235,eef05280-d6d5-11ef-8d94-9564537ddbbb,꼴찌,556,7700원|2025-05-27 18:44:13|7|23|0|21|0|0|0|5|0|3|0|0|0|0|400|400|1a0|1a100|556
236,6524dac0-ccd1-11ef-91aa-c5f0e480c0d4,장수꿀벌,548,7700원|2025-06-19 04:08:33|7|23|0|20|0|0|0|0|0|0|0|0|0|0|600|373|1a1.6|1a105.6|548
237,6e121880-eeac-11ef-a429-15e29f0bdd8b,격차,534,14300원|2025-06-18 19:25:54|7|23|0|23|0|0|0|0|0|0|0|0|0|0|400|400|1a10|1a140|534
238,25aacb80-dcbb-11ef-9a48-cd603e6509c9,우버겐세이,533,7700원|2025-09-18 12:48:41|7|22|0|22|0|17|0|0|3|0|0|0|0|0|200|200
239,5a367810-af23-11ef-ae0b-89a6e09af856,골골때리네,527,0원|2025-10-27 09:06:23|7|21|0|20|0|18|0|0|0|0|0|0|0|103.971I|400|400|1a10|1a160|527
240,4ba8a520-5491-11f0-83d0-c7af0631c64b,흑천,521,55000원|2025-10-29 11:20:13|7|23|0|20|0|18|0|0|0|0|0|0|0|0|200|200|1a11|1a120.1|521
241,0b479fd0-cf63-11ef-b137-496b1f832f7f,정욱진,513,15400원|2025-10-21 07:23:01|7|24|4|24|0|0|0|0|0|0|0|0|0|0|380|380|1a22.2|1a133.4|513
242,f541f4d0-ad64-11ef-a168-a338e5b408b4,플루,509,0원|2025-10-30 14:48:25|7|23|0|22|0|18|0|0|0|0|0|0|0|0|200|200|1a27|1a110|509
242,c5a37a30-82c8-11ef-a990-490cdbc4693e,황금잉어킹,509,27500원|2025-09-13 11:27:57|7|21|0|22|0|18|0|0|0|0|0|0|0|0|320|300|1a0|1a100|509
244,232ff420-c749-11ef-b344-0fc72d346324,패왕성선주,507,0원|2025-10-07 12:45:17|7|23|0|21|0|0|0|0|0|0|0|0|0|0|600|600|1a30.1|1a165|507
245,89e17bc0-a48b-11ef-9e36-45f1e1137a28,광개토태왕,505,11000원|2025-10-03 20:20:32|7|23|0|21|0|15|0|0|0|0|0|0|0|0|300|300|1a0|1a100|505
246,c40df1b0-b2ce-11ef-8b7d-e9436b89eecc,륜리사랑,492,7700원|2025-10-30 10:15:00|7|21|0|23|0|19|0|0|0|0|0|0|0|14.773I|400|400|1a14.5|1a140|492
247,c6978950-7d45-11ef-9c8e-99b32f3edbe3,신지,467,1006600원|2025-09-09 19:51:40|6|23|0|21|0|0|0|0|0|0|0|0|0|0|0|300|1a0|1a100|467
248,ecd7dc60-b17e-11ef-a286-29921a7fb1c0,시시니니,466,0원|2025-10-08 08:11:58|6|20|0|22|0|0|0|0|0|0|0|0|0|0|400|358|1a15.7|1a123.1|466
248,4c297e90-80d2-11ef-bf59-17fb4fe15d68,푸른고등어,466,7700원|2025-09-25 10:17:47|6|23|0|23|0|0|0|0|0|0|0|0|0|0|200|200|1a13.7|1a135.4|466
250,e40316d0-7e17-11ef-8f1b-a125e7c3f728,민준파파,459,11000원|2025-01-12 18:58:06|6|23|0|20|0|0|0|0|0|0|0|0|0|0|400|300|1a0|1a100|459
251,195d6850-ab75-11ef-911a-e7c0ada9a68c,주누아빠,451,7700원|2025-09-23 19:31:37|6|22|0|23|0|0|0|0|0|0|0|0|0|0|300|200|1a0|1a100|451
252,07ccbad0-814c-11ef-896c-6b707883d646,테라,449,161700원|2025-10-30 10:12:43|6|22|0|20|0|15|0|0|0|0|0|0|0|21.235H|200|200|1a0|1a100|449
253,a4d9aae0-bf1d-11ef-a994-557ee9b4b96f,추풍당최,448,7700원|2025-09-28 11:00:54|6|24|0|20|0|13|0|0|0|0|0|0|0|0|200|300|1a0|1a100|448
254,729a50c0-ad66-11ef-a168-a338e5b408b4,발도제울프,447,0원|2025-07-27 11:26:55|6|24|0|21|0|0|0|0|0|0|0|0|0|0|200|200|1a0|1a100|447
255,39a8a1a0-b936-11ef-9898-0fbf1f401ffc,순똘이,446,7700원|2025-10-29 22:31:51|6|23|0|23|0|19|0|0|0|0|0|0|0|0|200|200|1a0|1a100|446
256,bce71880-d9e3-11ef-8915-cd9bf2d0d0e6,까밀,445,7700원|2025-07-08 08:00:02|6|23|0|20|0|0|0|0|0|0|0|0|0|0|300|300|1a0|1a100|445
257,6557d680-ae65-11ef-aea8-73717a3b18aa,아이든,438,420200원|2025-10-30 18:21:04|6|23|0|23|0|16|0|0|0|0|0|0|0|0|8|0|1a0|1a100|438
258,c22caec0-b7d5-11ef-8193-076f2790fca0,푸른청룡,432,7700원|2025-10-13 20:38:15|6|21|0|21|0|14|0|0|0|0|0|0|0|0|200|200|1a0|1a100|432
259,bc26b8f0-cf12-11ef-b95f-ebaeff332cc0,주상전하,430,11000원|2025-10-27 21:37:49|6|22|0|21|0|15|0|0|0|0|0|0|0|0|281|300|1a0|1a100|430
260,88efcd50-b5e5-11ef-8a4d-5bd22890ef50,제갈아영,428,0원|2025-10-24 10:09:31|6|22|0|22|0|0|0|0|0|0|0|0|0|3.474H|200|200|1a0|1a100|428
261,f1ff4d20-a3c5-11ef-a9b0-8f986b110b05,코버넌트,427,477100원|2025-10-21 20:01:10|6|23|0|20|0|16|0|0|0|0|0|0|0|0|200|200|1a0|1a100|427
261,b44a6230-d7b9-11ef-87cf-73b81c2075ea,철조망,427,7700원|2025-10-28 15:41:46|6|20|0|20|0|17|0|0|0|0|0|0|0|0|200|200|1a0|1a100|427
261,816d2370-b3c4-11ef-85f3-11ac3a2178dc,vtctrcut,427,164400원|2025-09-17 14:45:47|6|23|0|20|0|0|0|0|0|0|0|0|0|0|200|200|1a0|1a100|427
264,91fed190-6141-11f0-9f5a-17f75c168df7,코코볼,426,7700원|2025-09-29 22:39:37|6|22|0|22|0|0|0|0|0|0|0|0|0|1.227H|400|316|1a0|1a100|426
264,689ccde0-b5f0-11ef-a206-db7a4a43e872,sam2025,426,7700원|2025-08-10 21:36:46|6|23|0|23|0|0|0|0|0|0|0|0|0|0|300|300|1a0|1a100|426
264,42bb83f0-7d47-11ef-a223-1b9a0b306c0b,사람10291,426,0원|2025-09-26 08:57:43|6|22|0|21|0|12|0|0|0|0|0|0|0|1.737H|300|283|1a0|1a100|426
267,ed8eeb60-e2d6-11ef-9e18-8555ee75829c,8809k,424,0원|2025-10-07 16:05:30|6|20|0|20|0|0|0|0|0|2|2|0|0|0|200|200|1a0|1a100|424
268,2bbb2610-7d47-11ef-8daf-bd28ce8e72c0,뭉크,413,152800원|2025-10-29 06:41:21|6|23|0|22|0|11|0|0|0|0|0|0|0|0|200|200|1a0|1a100|413
269,a100ec70-b096-11ef-b79e-71cbcc9fed2c,맘대로해,411,0원|2025-10-20 11:28:05|6|21|0|23|0|14|0|0|0|0|0|0|0|0|240|129|1a0|1a100|411
270,e4ba8300-b077-11ef-81bb-01a24d7c0f95,우정잉,410,0원|2025-10-08 11:21:46|6|22|0|22|0|13|0|0|0|0|0|0|0|0|292|213|1a0|1a100|410
271,19063a30-fd0f-11ef-9f77-279c0b729026,나구리,406,0원|2025-10-30 20:00:21|6|23|0|22|0|10|0|0|0|0|0|0|0|1.517H|283|265|1a0|1a100|406
272,d3296110-b2d4-11ef-8b7d-e9436b89eecc,앰재이,396,7700원|2025-09-25 10:32:46|5|23|0|23|0|15|0|0|0|0|0|0|0|0|200|200|1a0|1a100|396
273,ba16faf0-bfec-11ef-8f07-a9b83744e36b,응아하며돈벌기,390,16500원|2025-07-20 00:58:27|5|22|0|19|0|0|0|0|0|0|0|0|0|0|336|200|1a0|1a100|390
274,743405d0-c039-11ef-9738-6f7f9c9ad646,우푸돈,388,0원|2025-10-28 13:51:23|5|23|0|22|0|0|0|0|0|0|0|0|0|0|300|300|1a0|1a100|388
275,c789d230-c199-11ef-afc5-69970d9f817c,931117,386,0원|2025-07-14 14:51:03|5|22|0|20|0|0|0|0|0|0|0|0|0|0|255|200|1a0|1a100|386
275,a1e24ad0-cab8-11ef-af46-e5a85b0ce06d,s정희s,386,22000원|2025-10-29 20:37:42|5|23|0|23|0|0|0|0|0|0|0|0|0|21.399G|200|200|1a0|1a100|386
277,29c734a0-ad73-11ef-a412-bb796ede6e3f,에레나,381,0원|2025-09-23 19:52:39|5|22|0|22|0|0|0|0|0|0|0|0|0|0|300|300|1a0|1a100|381
278,60da3f70-7d56-11ef-bc24-951d7c715146,난영초창유저,378,7700원|2025-10-01 23:10:28|5|23|0|21|0|11|0|0|0|0|0|0|0|13.662G|270|260|1a0|1a100|378
279,f649aaa0-af42-11ef-9c11-fb9025669050,꿈틀파파,371,7700원|2025-01-22 18:39:54|5|21|0|21|0|0|0|0|0|0|0|0|0|0|200|200|1a0|1a100|371
280,7414a700-842d-11ef-908a-fb022d54e649,이설죽화,370,0원|2025-10-24 11:54:49|5|23|0|22|0|0|0|0|0|0|0|0|0|0|0|122|1a0|1a100|370
281,e5de50b0-b4e4-11ef-b3ba-03c530595a34,대호전설,366,0원|2025-01-16 17:48:08|5|23|0|21|0|0|0|0|0|0|0|0|0|0|200|200|1a0|1a100|366
282,256470c0-d4c5-11ef-aa63-c970832c5cf6,자유민주주의,365,7700원|2025-02-28 18:35:49|5|21|0|20|0|0|0|0|0|0|0|0|0|0|200|200|1a0|1a100|365
283,c2b4d4e0-a1b8-11ef-aaa2-f58923c0661a,히든,356,15400원|2024-12-22 01:56:22|5|21|0|19|0|0|0|0|0|0|0|0|0|0|295|200|1a0|1a100|356
284,846597e0-92d3-11ef-b1cb-53b301f34281,작은나그네,351,14300원|2025-05-01 19:17:49|5|22|0|20|0|0|0|0|0|0|0|0|0|0|300|200|1a0|1a100|351
285,e8d41d50-b8a3-11ef-9e4e-9dbca080fd2f,논개,347,8800원|2025-01-03 23:10:15|5|21|0|20|0|0|0|0|0|0|0|0|0|0|263|200|1a0|1a100|347
286,87399da0-bc8f-11ef-990d-bdd7aa0ce01a,다라네,342,0원|2025-09-15 11:07:45|5|23|0|22|0|0|0|0|0|0|0|0|0|0|200|188|1a0|1a100|342
287,884c2800-bf61-11ef-820e-01e1630f7f1b,뚀뚀,338,0원|2025-03-06 07:19:15|5|22|0|22|0|0|0|0|0|0|0|0|0|0|200|200|1a0|1a100|338
288,fdd14d60-c7e7-11ef-9c7a-03d4ac3b5863,홍덕봉,337,25300원|2025-10-26 12:27:51|5|21|0|20|0|0|0|0|0|0|0|0|0|129.951F|200|200|1a0|1a100|337
289,800cd960-9d22-11f0-8d8e-7d66a99fdb4e,탱탱한오리알,333,34100원|2025-10-29 19:41:44|5|22|0|19|0|0|0|0|0|0|0|0|0|71.376F|200|200|1a0|1a100|333
289,11a55c40-b6aa-11ef-8938-fd69c1d19549,여우돼지1,333,0원|2025-10-02 16:46:46|5|23|0|20|0|0|0|0|0|0|0|0|0|0|200|200|1a0|1a100|333
291,d76d7370-ad2e-11ef-a168-a338e5b408b4,표류썩쏘,332,7700원|2025-09-17 23:37:33|5|22|0|21|0|0|0|0|0|0|0|0|0|0|200|200|1a0|1a100|332
292,995d76f0-823d-11ef-a0c2-df6c2d2ce54e,무협,327,0원|2024-11-08 20:41:44|5|20|0|19|0|0|0|0|0|0|0|0|0|0|200|200|1a0|1a100|327
292,59a83b40-ac85-11ef-9a73-dd9bf7d29aee,흑야,327,11000원|2025-10-22 09:22:19|5|22|0|20|0|0|0|0|0|0|0|0|0|0|200|200|1a0|1a100|327
294,b7e05ce0-db6c-11ef-a0ca-0133bcd1d569,아싸신철,321,0원|2025-03-30 00:56:32|5|21|0|22|0|0|0|0|0|0|0|0|0|0|200|200|1a0|1a100|321
295,c2e005e0-c4de-11ef-a402-c7923577d404,상어민호TV,320,7700원|2025-08-10 09:08:56|5|21|0|20|0|0|0|0|0|0|0|0|0|0|200|200|1a0|1a100|320
296,1c292f00-bb7a-11ef-a67d-49a5aacc120f,개방성골절,312,8800원|2025-01-18 20:26:46|5|21|0|21|0|0|0|0|0|0|0|0|0|0|200|200|1a0|1a100|312
297,fdbee790-b6b4-11ef-be19-c189a29f2be1,여우돼지2,309,0원|2025-10-02 16:57:15|5|22|0|20|0|0|0|0|0|0|0|0|0|0|200|200|1a0|1a100|309
298,d8cdb180-8ef7-11ef-9c40-ad4a007910e9,소소줌,301,40700원|2025-10-22 18:13:52|4|23|0|19|0|0|0|0|0|0|0|0|0|1.247F|200|46|1a0|1a100|301
299,8b80fbf0-c43d-11ef-83e2-e366a784b169,잉크,298,0원|2025-10-30 17:38:39|4|23|0|20|0|0|0|0|0|0|0|0|0|2.522F|200|200|1a0|1a100|298
300,b4071d10-b74b-11ef-b186-998c850bb91f,와니아빠,294,7700원|2025-02-18 19:05:56|4|23|0|20|0|0|0|0|0|0|0|0|0|0|200|200|1a0|1a100|294
300,62db7ea0-db85-11ef-ae79-6f74728d3b60,염전탈출,294,0원|2025-04-22 01:07:37|4|20|0|19|0|0|0|0|0|0|0|0|0|0|200|200|1a0|1a100|294
302,24983ba0-b6bf-11ef-b186-998c850bb91f,여우돼지3,291,0원|2025-02-26 02:11:09|4|22|0|20|0|0|0|0|0|0|0|0|0|0|200|194|1a0|1a100|291
303,2cb34640-9383-11ef-aa53-1b3a8b914c93,369좋아,290,0원|2025-10-29 18:02:17|4|23|0|19|0|0|0|0|0|0|0|0|0|0|200|200|1a0|1a100|290
304,afdf13e0-ab3a-11ef-8499-3921d4cd8719,카늘짱,288,0원|2025-10-07 14:29:02|4|22|0|20|0|0|0|0|0|0|0|0|0|0|60|60|1a0|1a100|288
304,56253110-7d48-11ef-9575-ff70d7ab1e2a,아이리,288,0원|2025-01-05 03:01:07|4|22|0|22|0|0|0|0|0|0|0|0|0|0|200|200
306,f5303110-ace1-11ef-8f5d-2ffe950da798,여신,287,44000원|2025-10-30 09:54:59|4|22|0|20|0|0|0|0|0|0|0|0|0|0|200|76|1a0|1a100|287
306,83bb1610-bd0f-11ef-b6b6-5f03728339d5,미옥표류기,287,8800원|2025-10-22 15:31:44|4|23|0|20|0|0|0|0|0|0|0|0|0|3.905F|122|200|1a0|1a100|287
308,42538010-7d57-11ef-a7f7-9d31d4e3cecd,김석순,286,14300원|2025-10-30 04:52:08|4|21|0|19|0|0|0|0|0|0|0|0|0|0|200|60|1a0|1a100|286
309,5728b940-9771-11ef-9342-c9b3faf24f5b,핑크골드,279,6600원|2025-07-31 23:11:50|4|20|0|19|0|0|0|0|0|0|0|0|0|0|200|200|1a0|1a100|279
310,d0585040-9547-11ef-a0e9-a5256c943ee2,문창규24,278,14300원|2025-08-24 04:39:32|4|22|0|21|0|0|0|0|0|0|0|0|0|0|200|200|1a0|1a100|278
311,a54872c0-acc8-11ef-84ae-a3bd06bdb3be,가닉스,277,7700원|2025-08-06 18:48:58|4|20|0|21|0|0|0|0|0|0|0|0|0|0|200|200|1a0|1a100|277
312,bbd368d0-bb8a-11ef-bb0a-11fecacd9b42,만세운동,276,0원|2025-05-15 07:38:17|4|20|0|20|0|0|0|0|0|0|0|0|0|0|200|200|1a0|1a100|276
313,d480cac0-c70c-11ef-9dc2-bf1ee9865682,첼시FC,271,0원|2025-07-20 07:46:03|4|23|0|20|0|0|0|0|0|0|0|0|0|0|200|200|1a0|1a100|271
313,04cb3c90-adec-11ef-b448-d9625807b796,자두녹차,271,7700원|2025-09-28 16:07:33|4|22|0|19|0|0|0|0|0|0|0|0|0|0|200|200|1a0|1a100|271
315,9f9c3400-7e5c-11ef-922d-8fed99a0b54e,뭐고네,269,7700원|2025-09-11 06:41:09|4|23|0|21|0|0|0|0|0|0|0|0|0|0|200|0|1a0|1a100|269
316,6b59c8c0-b1c3-11ef-841c-05d478ac7542,방랑자,268,7700원|2025-01-17 17:09:05|4|20|0|19|0|0|0|0|0|0|0|0|0|0|200|200|1a0|1a100|268
317,4f18d190-b3af-11ef-a130-13bb3568264d,냔냔,267,0원|2025-10-27 09:33:29|4|21|0|20|0|0|0|0|0|0|0|0|0|0|200|200|1a0|1a100|267
318,d89f8e50-7d6c-11ef-82bb-cd94e87c0a94,톰슨아,266,0원|2025-10-14 14:51:10|4|23|0|19|0|0|0|0|0|0|0|0|0|0|200|200|1a0|1a100|266
318,8b76e020-e094-11ef-a624-21fbda48aafc,상남자핵이,266,7700원|2025-02-21 19:22:46|4|22|0|20|0|0|0|0|0|0|0|0|0|0|200|200|1a0|1a100|266
320,7ee7c810-dc48-11ef-9a48-cd603e6509c9,kasir,258,0원|2025-10-04 18:17:07|4|23|0|19|0|0|0|0|0|0|0|0|0|0|58|200|1a0|1a100|258
321,42afb050-aa3a-11ef-9cfd-a19444eb355c,이상현,257,41100원|2025-09-17 08:06:04|4|23|0|21|0|0|0|0|0|0|0|0|0|0|167|166|1a0|1a100|257
322,f9789cd0-b4bb-11ef-8b80-ed64c1281b36,썩쏘표류기,252,0원|2025-07-18 15:30:21|4|20|0|19|0|0|0|0|0|0|0|0|0|0|200|85|1a0|1a100|252
322,a6107710-a39b-11ef-843e-29338ca2ca2c,블레이드,252,7700원|2025-09-09 22:02:23|4|22|0|19|0|0|0|0|0|0|0|0|0|0|200|150|1a0|1a100|252
324,ab2d1bb0-c00e-11ef-95c9-992bc4e287da,F감튀자김F,251,0원|2025-02-01 17:19:15|4|20|0|20|0|0|0|0|0|0|0|0|0|0|200|200|1a0|1a100|251
325,bc3375f0-9384-11ef-8187-bb551389c4ee,rtrdur,250,0원|2025-10-30 15:37:34|4|23|0|19|0|0|0|0|0|0|0|0|0|0|200|200|1a0|1a100|250
325,53fd3480-b29c-11ef-8b0b-3f0a6e303454,쫑구,250,0원|2025-10-28 19:45:09|4|23|0|20|0|0|0|0|0|0|0|0|0|0|100|100|1a0|1a100|250
325,53270330-e288-11ef-bd72-bbba5fe933dc,이비,250,0원|2025-07-02 19:11:30|4|20|0|19|0|0|0|0|0|0|0|0|0|0|200|200|1a0|1a100|250
328,dc055e10-ac5d-11ef-9a73-dd9bf7d29aee,유유자적,249,0원|2025-10-29 01:03:18|4|22|0|19|0|0|0|0|0|0|0|0|0|6.843E|200|200|1a0|1a100|249
328,a778e810-c837-11ef-8566-9f33ce39cf1b,질주하는염라,249,0원|2025-08-15 01:34:45|4|23|0|22|0|0|0|0|0|0|0|0|0|0|6|141|1a0|1a100|249
328,7c88fb30-b140-11ef-b371-a95f7e61ac15,딩굴러,249,0원|2025-02-02 20:45:17|4|20|0|19|0|0|0|0|0|0|0|0|0|0|200|60|1a0|1a100|249
331,aa163f10-d4f7-11ef-afd8-55653df8d01f,수정2,241,0원|2025-10-03 23:34:19|4|20|0|19|0|0|0|0|0|0|0|0|0|8.522E|102|20|1a0|1a100|241
332,da3d9a50-2be9-11f0-8bfc-5927e21b22df,숨소리AM,232,0원|2025-10-25 13:37:12|4|22|0|20|0|0|0|0|0|0|0|0|0|0|98|12|1a0|1a100|232
333,99a23af0-ce56-11ef-862a-d3cee3cd8bc6,성님,231,0원|2025-09-22 22:02:24|4|23|0|19|0|0|0|0|0|0|0|0|0|0|164|110|1a0|1a100|231
334,77550930-b1c5-11ef-b371-a95f7e61ac15,은빛향수,229,0원|2025-10-25 08:40:54|4|22|0|20|0|0|0|0|0|0|0|0|0|2.451E|200|189|1a0|1a100|229
334,6143ba80-b68c-11ef-9229-2f84bb7cc385,임다빈,229,7700원|2024-12-29 16:57:41|4|21|0|19|0|0|0|0|0|0|0|0|0|0|100|0
334,452cf5c0-ab81-11ef-8901-b199a795327b,난세킹,229,0원|2024-12-20 08:02:44|4|21|0|20|0|0|0|0|0|0|0|0|0|0|196|0|1a0|1a100|229
337,b9f5eb30-7d4d-11ef-8d50-63a9e1f962de,임록록,228,102300원|2024-10-04 15:01:12|4|21|0|19|0|0|0|0|0|0|0|0|0|0|162|0|1a0|1a100|228
338,c4d323e0-d664-11ef-9a99-93b2e5b4dde2,3태종이방원,226,0원|2025-05-27 15:21:18|4|21|0|20|0|0|0|0|0|0|0|0|0|0|50|20|1a0|1a100|226
339,fb25f730-87e3-11ef-95a1-117cbe34dcf3,Note,218,7700원|2025-09-21 11:51:06|4|20|0|21|0|0|0|0|0|0|0|0|0|0|0|0
340,6c0c5ce0-b616-11ef-a08c-ed29bc79947d,공대여대생,216,0원|2025-10-11 14:47:31|4|21|0|20|0|0|0|0|0|0|0|0|0|0|133|70|1a0|1a100|216
341,52bb5dc0-afbf-11ef-8463-bb9779ec444a,daye,207,0원|2025-10-27 12:09:02|4|23|0|19|0|0|0|0|0|0|0|0|0|979.648D|76|106|1a0|1a100|207
342,cc5b5af0-80c0-11ef-a912-81e046aedf33,하나소라,201,0원|2025-07-04 00:59:58|4|22|0|22|0|0|0|0|0|0|0|0|0|0|122|107|1a0|1a100|201
343,26206750-a4ad-11ef-9316-2f9616cb252d,랑랑별때때롱,198,7700원|2025-10-25 16:27:38|3|22|0|20|0|0|0|0|0|0|0|0|0|0|114|27|1a0|1a100|198
344,e52812a0-b37c-11ef-92b0-95da32c3e76f,아라따,195,0원|2024-12-12 15:45:57|3|20|0|19|0|0|0|0|0|0|0|0|0|0|120|80|1a0|1a100|195
345,685324c0-d6ec-11ef-b2bb-c9a49adb051e,윤영훈,189,0원|2025-10-19 13:39:04|3|22|0|19|0|0|0|0|0|0|0|0|0|0|152|11|1a0|1a100|189
345,5e6dbd20-ceb4-11ef-9ffe-c1d935850828,정야,189,0원|2025-10-03 00:29:24|3|22|0|19|0|0|0|0|0|0|0|0|0|99.215D|79|110|1a0|1a100|189
347,78b232c0-b919-11ef-8cf6-417e1d137a71,폴로랄프로렌,186,1100원|2025-10-05 17:48:39|3|21|0|20|0|0|0|0|0|0|0|0|0|10.004D|109|71|1a0|1a100|186
348,668b3fc0-e5c3-11ef-a495-05f7741a8e2d,희망꺼지게생겼어,179,0원|2025-10-18 08:43:05|3|21|0|20|0|0|0|0|0|0|0|0|0|23.946D|200|172|1a0|1a100|179
349,dc1e1cd0-b0a8-11ef-8463-bb9779ec444a,일레이,178,0원|2025-08-26 13:59:32|3|22|0|20|0|0|0|0|0|0|0|0|0|0|100|100|1a0|1a100|178
349,9faf57c0-80d6-11ef-9f1a-372caccc1da1,나두나두,178,14300원|2025-08-11 20:29:12|3|20|0|19|0|0|0|0|0|0|0|0|0|0|60|50|1a0|1a100|178
351,75792b70-87cf-11ef-a059-2310beb9014d,런너,177,7700원|2025-07-31 12:30:06|3|22|0|19|0|0|0|0|0|0|0|0|0|0|113|83|1a0|1a100|177
352,6f602e00-bc04-11ef-8ee2-5dcd81159dca,키니치,172,0원|2025-10-09 12:15:57|3|22|0|21|0|0|0|0|0|0|0|0|0|26.101D|143|16|1a0|1a100|172
353,a5e72e80-b1d0-11ef-9cde-f74559775a32,아기제니,165,7700원|2025-09-25 18:02:23|3|20|0|19|0|0|0|0|0|0|0|0|0|0|200|200|1a0|1a100|165
354,97e6fbc0-c987-11ef-bbea-0d91179b4e65,akaozj,158,0원|2025-10-08 23:44:54|3|22|0|20|0|0|0|0|0|0|0|0|0|0|83|37|1a0|1a100|158
355,06b87f20-d945-11ef-8f92-b976c3b70792,농심라면,156,0원|2025-09-07 20:54:34|3|21|0|19|0|0|0|0|0|0|0|0|0|0|178|90|1a0|1a100|156
356,48832090-c4e6-11ef-a923-cdd91cb434be,강현서,151,0원|2025-10-05 09:15:46|2|22|0|19|0|0|0|0|0|0|0|0|0|0|87|59|1a0|1a100|151
357,cee42c00-ab2e-11ef-8499-3921d4cd8719,주아,148,31200원|2024-12-09 20:13:27|2|21|0|19|0|0|0|0|0|0|0|0|0|0|59|102
358,bd23a8d0-e506-11ef-a62a-159bd8607982,이준수,132,0원|2025-09-19 19:49:39|2|20|0|19|0|0|0|0|0|0|0|0|0|42.778C|88|12
359,95255370-b85f-11ef-9075-fdbac80601be,난씨고수,130,0원|2025-10-03 10:00:21|2|21|0|19|0|0|0|0|0|0|0|0|0|0|95|79|1a0|1a100|130
359,5ae16720-dc5f-11ef-804b-dd634ff5f27e,윤이,130,0원|2025-10-19 08:40:06|2|20|0|19|0|0|0|0|0|0|0|0|0|0|50|0|1a0|1a100|130
361,fa1a1e90-c733-11ef-ac07-0d7692e7b361,서지니,129,0원|2025-10-02 23:32:36|2|20|0|19|0|0|0|0|0|0|0|0|0|9.918C|122|38|1a0|1a100|129
362,b8d86000-2e43-11f0-ac2a-ab169033f472,당당한남군,128,7700원|2025-10-29 04:47:11|2|18|0|19|0|0|0|0|0|0|0|0|0|25.588C|50|50|1a0|1a100|128
362,999ed610-bee0-11ef-98e9-5d0f81d2d6a6,535142,128,0원|2025-09-08 23:35:13|2|20|0|19|0|0|0|0|0|0|0|0|0|0|134|77|1a0|1a100|128
364,01c45900-ba80-11ef-b4b0-b1be39c939ee,김호랑,126,0원|2025-10-11 00:16:08|2|20|0|20|0|0|0|0|0|0|0|0|0|23.013C|50|50|1a0|1a100|126
365,9a051470-bd8c-11ef-8a1b-93f28d74fc5c,성국,121,0원|2025-02-08 01:52:04|2|23|0|19|0|0|0|0|0|0|0|0|0|0|54|15|1a0|1a100|121
365,71fcc9f0-a59f-11ef-b7b1-25858fa8354e,일이삼사,121,7700원|2024-12-04 21:37:57|2|23|0|19|0|0|0|0|0|0|0|0|0|0|83|84|1a0|1a100|121
367,c970d380-babb-11ef-b9fc-5b3fad0102ac,KJ,120,1100원|2025-10-25 14:09:56|2|23|0|19|0|0|0|0|0|0|0|0|0|0|37|17|1a0|1a100|120
368,d7355ff0-a3cc-11ef-a9b0-8f986b110b05,양정훈,119,0원|2024-12-12 15:48:45|2|21|0|20|0|0|0|0|0|0|0|0|0|0|126|130|1a0|1a100|119
368,a6707640-b603-11ef-a892-91a0b2843e0f,자윤,119,0원|2025-09-20 19:40:23|2|21|0|19|0|0|0|0|0|0|0|0|0|0|80|45
368,7d6909b0-bafe-11ef-82a5-e7b1e7625053,김경따이,119,7700원|2024-12-19 15:56:33|2|18|0|18|0|0|0|0|0|0|0|0|0|0|100|50|1a0|1a100|119
371,3472aa20-af02-11ef-8673-15a700a95dc2,이흥원,118,0원|2025-09-13 13:01:17|2|20|0|19|0|0|0|0|0|0|0|0|0|0|95|25|1a0|1a100|118
372,55ec35b0-b47d-11ef-b7a3-5b86b2477911,출도요,117,0원|2025-09-21 17:36:19|2|20|0|19|0|0|0|0|0|0|0|0|0|0|50|53|1a0|1a100|117
373,da59cfe0-de00-11ef-b442-472cc4a60bdd,사마엘,116,0원|2025-10-03 18:19:37|2|20|0|19|0|0|0|0|0|0|0|0|0|386.512B|40|25|1a0|1a100|116
374,dcd2d380-c022-11ef-becc-4196dcde5439,사파주,113,0원|2025-10-19 00:21:50|2|20|0|19|0|0|0|0|0|0|0|0|0|0|87|0|1a0|1a100|113
374,4ec8b170-894c-11ef-8c4d-9f7eb6408694,불량할미,113,0원|2025-09-21 22:14:15|2|22|0|19|0|0|0|0|0|0|0|0|0|1.424C|70|67
376,4dad6ff0-7ee4-11ef-a11f-5d60920dc8af,원스톨,112,6600원|2025-09-26 16:35:19|2|22|0|20|0|0|0|0|0|0|0|0|0|0|80|5|1a0|1a100|112
377,e93b2420-c1c5-11ef-858d-93aac86fe9fc,왜에에,110,0원|2025-10-29 23:30:57|2|20|0|19|0|0|0|0|0|0|0|0|0|0|28|30|1a0|1a100|110
378,88d411e0-8085-11ef-b2dd-7d95c0c44acb,neisha0,109,0원|2025-10-08 21:46:13|2|20|0|19|0|0|0|0|0|0|0|0|0|0|10|0|1a0|1a100|109
378,2ad78300-dc61-11ef-804b-dd634ff5f27e,나는웡,109,0원|2025-09-22 16:59:44|2|20|0|19|0|0|0|0|0|0|0|0|0|0|124|34|1a0|1a100|109
380,a42056c0-b6ea-11ef-90ef-1dec4b243f52,한쿡사람,102,0원|2025-10-05 14:24:19|2|22|0|19|0|0|0|0|0|0|0|0|0|542.070B|21|0|1a0|1a100|102
381,a99c9240-b379-11ef-b996-7137e33b4d1e,삼색이,101,0원|2025-04-05 12:18:55|2|23|0|22|0|0|0|0|0|0|0|0|0|0|153|0|1a0|1a100|101
381,5810c1d1-8d09-11ef-a3eb-b9a4161e8d4e,이리오너라,101,7700원|2025-09-25 08:39:09|1|21|0|15|0|0|0|0|0|0|0|0|0|0|13|0
383,600830f0-c8da-11ef-a381-25caade754f0,딛딛이,100,0원|2025-10-28 01:30:07|2|20|0|19|0|0|0|0|0|0|0|0|0|0|78|0|1a0|1a100|100
384,ced6e640-c4f0-11ef-bbf7-f1f1a26b09df,음흉,96,0원|2025-08-25 21:10:41|1|22|0|17|0|0|0|0|0|0|0|0|0|0|23|0|1a0|1a100|96
384,8fb2eff0-805c-11ef-bc75-d1cfe0c7ed4e,로기,96,11000원|2025-07-17 22:31:12|1|21|0|21|0|0|0|0|0|0|0|0|0|0|0|0|1a0|1a100|96
386,54dce7b0-7d4a-11ef-bd38-6b1421704eae,메롱,95,0원|2025-10-04 06:39:36|1|23|0|19|0|0|0|0|0|0|0|0|0|0|36|9|1a0|1a100|95
386,4ec6fc90-dee7-11ef-a199-b52ea436b6fe,가지고,95,0원|2025-03-15 15:55:01|1|20|0|19|0|0|0|0|0|0|0|0|0|0|50|47|1a0|1a100|95
388,44ed73b0-af0e-11ef-b79e-71cbcc9fed2c,옥환,94,0원|2024-12-08 21:56:57|1|20|0|19|0|0|0|0|0|0|0|0|0|0|110|50|1a0|1a100|94
389,ef24d380-b348-11ef-85f3-11ac3a2178dc,kwns,93,7700원|2024-12-07 20:45:09|1|18|0|16|0|0|0|0|0|0|0|0|0|0|10|10|1a0|1a100|93
389,eea094c0-afd9-11ef-9c11-fb9025669050,증가초소,93,0원|2025-10-12 17:22:26|1|20|0|21|0|0|0|0|0|0|0|0|0|68.217B|39|0|1a0|1a100|93
389,999ee0f0-b149-11ef-aedc-33a238222e02,염세주의자,93,0원|2025-10-01 13:36:52|1|20|0|19|0|0|0|0|0|0|0|0|0|0|46|30|1a0|1a100|93
392,dde299c0-c32b-11ef-887b-6330f7661919,물구나무서기,92,0원|2025-02-08 03:02:37|1|23|0|16|0|0|0|0|0|0|0|0|0|0|11|0|1a0|1a100|92
392,13278510-b6ce-11ef-97f1-05ae23445287,황미루,92,0원|2025-01-07 16:48:30|1|20|0|19|0|0|0|0|0|0|0|0|0|0|50|29|1a0|1a100|92
394,baa87080-ae5c-11ef-ac1a-f5380b068ba9,동길이,91,0원|2025-08-05 12:06:26|1|20|0|19|0|0|0|0|0|0|0|0|0|0|60|20|1a0|1a100|91
394,af55b630-4857-11f0-afbd-83a1f6b917d7,너구리포류,91,0원|2025-06-27 21:43:11|1|18|0|15|0|0|0|0|0|0|0|0|0|0|57|11|1a0|1a100|91
394,4456ea30-baad-11ef-b4b0-b1be39c939ee,구린내,91,0원|2025-01-01 09:34:54|1|20|0|19|0|0|0|0|0|0|0|0|0|0|32|54|1a0|1a100|91
394,3c393370-c4ae-11ef-96c7-131f8a8465a4,박재승,91,0원|2025-07-20 14:12:41|1|20|0|19|0|0|0|0|0|0|0|0|0|0|0|0|1a0|1a100|91
398,cd2df0a0-d327-11ef-9210-9b6d36f160c2,나는야상남자,90,0원|2025-02-18 13:27:26|1|20|0|19|0|0|0|0|0|0|0|0|0|0|72|78
398,cc8d6f90-afb4-11ef-b329-9d5d8fc1fb13,나는표류지,90,26400원|2025-08-10 22:00:27|1|20|0|19|0|0|0|0|0|0|0|0|0|0|78|80|1a0|1a100|90
398,7707bd60-b9e5-11ef-89e1-6ba753cb8f3e,이르,90,0원|2025-09-21 07:49:36|1|21|0|19|0|0|0|0|0|0|0|0|0|16.854B|42|30
401,ed866c80-b60b-11ef-833d-cf2ad37a2d5b,라탱다9GX,89,0원|2025-10-13 18:15:59|1|20|0|19|0|0|0|0|0|0|0|0|0|0|58|4|1a0|1a100|89
401,33421c40-b2da-11ef-8f37-df628c41fde5,민혁이아빠,89,0원|2025-09-13 19:41:25|1|20|0|19|0|0|0|0|0|0|0|0|0|0|20|0|1a0|1a100|89
403,a6b95220-b6df-11ef-9b3e-4d142333921a,역사영웅들,88,0원|2025-09-05 10:32:11|1|20|0|19|0|0|0|0|0|0|0|0|0|0|0|0|1a0|1a100|88
403,4cf37820-bbd4-11ef-bf9a-6fd1a6f6a10f,이해,88,0원|2024-12-24 15:01:55|1|19|0|19|0|0|0|0|0|0|0|0|0|0|30|0|1a0|1a100|88
405,d77d1a40-7d5f-11ef-bdd3-1d6b83adaf14,소리,87,0원|2025-09-21 07:35:26|1|20|0|19|0|0|0|0|0|0|0|0|0|0|0|0|1a0|1a100|87
405,caed8490-ad2a-11ef-9efc-f936d0410fc4,k0716,87,0원|2024-11-30 11:07:44|1|19|0|18|0|0|0|0|0|0|0|0|0|0|37|40|1a0|1a100|87
405,4e750730-eb78-11ef-bf5e-716641419b32,도리토스,87,7700원|2025-05-13 22:57:29|1|17|0|17|0|0|0|0|0|0|0|0|0|0|7|5|1a0|1a100|87
408,bc07d890-cf0d-11ef-a2c0-bbee4f861e38,찡찡호,86,0원|2025-09-20 16:50:21|1|20|0|19|0|0|0|0|0|0|0|0|0|6.731B|50|30
408,b39afaa0-ac0f-11ef-8901-b199a795327b,마부,86,0원|2024-12-01 16:16:40|1|23|0|16|0|0|0|0|0|0|0|0|0|0|10|34
410,f4062660-ad99-11ef-8c9f-5b46c52b0ba1,캔커피캔,85,0원|2024-11-29 18:33:54|1|18|0|16|0|0|0|0|0|0|0|0|0|0|25|0|1a0|1a100|85
410,255185e0-c52b-11ef-a8ab-593b658ef711,헌터킬러,85,0원|2025-01-02 23:42:52|1|17|0|19|0|0|0|0|0|0|0|0|0|0|46|46|1a0|1a100|85
412,08743450-a5bd-11ef-9059-c918fdcc0d04,dyhh,84,0원|2025-10-30 09:35:18|1|20|0|19|0|0|0|0|0|0|0|0|0|0|43|0|1a0|1a100|84
413,e8fa0850-b423-11ef-8ccb-e3de04ce6d1b,슝리,83,0원|2025-05-24 19:35:52|1|20|0|19|0|0|0|0|0|0|0|0|0|0|0|8|1a0|1a100|83
414,e2cf5970-8404-11ef-a0fa-9b9b9fe875a2,이진,81,0원|2024-10-12 23:48:06|1|22|0|19|0|0|0|0|0|0|0|0|0|0|20|20|1a0|1a100|81
414,6eac4df0-6171-11f0-9347-61904433d9fb,유유옥,81,0원|2025-10-09 10:23:27|1|19|0|17|0|0|0|0|0|0|0|0|0|0|40|0|1a0|1a100|81
416,d693cfd0-7e1c-11ef-b26b-61f618170b49,헬조선,80,0원|2024-10-02 13:10:52|1|18|0|17|0|0|0|0|0|0|0|0|0|0|1|5|1a0|1a100|80
417,ef946560-ae3e-11ef-9499-678aa71606e9,개금,79,0원|2025-10-13 17:51:45|1|19|0|19|0|0|0|0|0|0|0|0|0|2.026B|46|0|1a0|1a100|79
417,e164e7b0-d8ed-11ef-b61b-637f093c56d6,암행어사09,79,0원|2025-01-27 06:04:05|1|16|0|19|0|0|0|0|0|0|0|0|0|0|50|50|1a0|1a100|79
417,6a6a0bb0-1225-11f0-b7bc-39bfc9c5b8c6,환종,79,0원|2025-06-08 15:49:49|1|20|0|19|0|0|0|0|0|0|0|0|0|0|31|2
420,e3b52c50-b79b-11ef-9e25-6798d91217ad,옛날을찾아서,78,0원|2025-10-08 00:24:47|1|20|0|19|0|0|0|0|0|0|0|0|0|8.920B|20|10|1a0|1a100|78
421,ffb58470-e2c7-11ef-9ae6-4988e1e8cda6,kkondae,76,0원|2025-09-07 10:44:54|1|19|0|16|0|0|0|0|0|0|0|0|0|0|11|10|1a0|1a100|76
421,9bca5970-c924-11ef-97cb-0ba51da3a28f,fgyghj,76,0원|2025-01-04 11:40:45|1|19|0|16|0|0|0|0|0|0|0|0|0|0|45|23|1a0|1a100|76
421,23fe1d00-d072-11ef-8743-779a5db0173b,찢재명구속,76,0원|2025-10-05 07:01:20|1|18|0|19|0|0|0|0|0|0|0|0|0|0|36|0|1a0|1a100|76
424,412df490-ae67-11ef-a56e-b91cb05d85c7,데이던,75,0원|2025-09-25 17:24:45|1|20|0|19|0|0|0|0|0|0|0|0|0|4.447B|28|32
425,821f9940-c96a-11ef-a133-4513e783f3e0,개돌,74,0원|2025-10-17 16:53:26|1|20|0|16|0|0|0|0|0|0|0|0|0|7.709B|0|0|1a0|1a100|74
426,85d17220-d81a-11ef-99c9-37ae4c5962e5,Encore,73,0원|2025-09-10 22:11:03|1|20|0|19|0|0|0|0|0|0|0|0|0|0|40|40
427,d4fb30d0-c03b-11ef-8947-65e59ddbe745,김상태,72,0원|2025-10-03 19:53:41|1|20|0|19|0|0|0|0|0|0|0|0|0|510.487A|15|19|1a0|1a100|72
427,a723d4a0-ac27-11ef-a4f3-1fc1a72c78ad,gnkif,72,0원|2025-08-08 22:00:01|1|20|0|19|0|0|0|0|0|0|0|0|0|0|34|7|1a0|1a100|72
429,e82e5e30-afe1-11ef-ba17-0346eda69510,collo,71,0원|2025-10-16 00:53:41|1|19|0|15|0|0|0|0|0|0|0|0|0|0|7|0|1a0|1a100|71
429,9a280940-8195-11ef-8faf-1d29807097bf,6475,71,0원|2025-09-05 22:14:12|1|18|0|15|0|0|0|0|0|0|0|0|0|0|5|5|1a0|1a100|71
429,30fb4a90-dfbe-11ef-b114-6fb5a335e4dd,역사장군,71,0원|2025-10-15 20:49:05|1|20|0|19|0|0|0|0|0|0|0|0|0|0|0|0|1a0|1a100|71
432,76d32d40-ac5a-11ef-83d7-b3edb74f307f,쪽쪽쭉,70,0원|2024-11-29 17:55:10|1|19|0|17|0|0|0|0|0|0|0|0|0|0|13|0|1a0|1a100|70
432,5d7d5ee0-b6e8-11ef-97f1-05ae23445287,써클엣지,70,0원|2024-12-12 08:17:02|1|19|0|18|0|0|0|0|0|0|0|0|0|0|39|30|1a0|1a100|70
432,0f6639c0-c755-11ef-b6aa-d1c71586d17a,루나13,70,0원|2025-10-16 19:23:37|1|20|0|19|0|0|0|0|0|0|0|0|0|1.358B|30|18|1a0|1a100|70
435,411429a0-a6d5-11ef-813a-559f8e4daafb,아니왜,69,0원|2025-07-17 22:50:15|1|19|0|17|0|0|0|0|0|0|0|0|0|0|25|0|1a0|1a100|69
436,d156c240-b187-11ef-9312-65e6e3b168e9,hshsgsvs,68,0원|2025-10-19 12:31:44|1|18|0|12|0|0|0|0|0|0|0|0|0|0|4|0|1a0|1a100|68
436,88a6bd30-ae20-11ef-83d7-b3edb74f307f,Micro,68,0원|2024-12-02 06:51:11|1|19|0|15|0|0|0|0|0|0|0|0|0|0|20|0|1a0|1a100|68
436,37a08e60-bce0-11ef-8cbd-d96ec6fd46b7,굿맨,68,0원|2024-12-19 14:16:44|1|18|0|18|0|0|0|0|0|0|0|0|0|0|5|2|1a0|1a100|68
436,31c0f040-613e-11f0-9f5a-17f75c168df7,대령,68,7700원|2025-10-26 21:47:41|1|18|0|16|0|0|0|0|0|0|0|0|0|320.557A|4|0|1a0|1a100|68
436,1a5bd2b0-b9b1-11ef-9075-fdbac80601be,너야,68,0원|2025-01-01 11:20:01|1|19|0|19|0|0|0|0|0|0|0|0|0|0|32|0|1a0|1a100|68
441,f15baeb0-b0ed-11ef-9261-1da2a65a2e08,무도리,67,0원|2024-12-04 15:38:06|1|17|0|19|0|0|0|0|0|0|0|0|0|0|41|3|1a0|1a100|67
441,de818170-b86d-11ef-adf4-b740551de154,난세표류기777,67,0원|2025-04-25 18:24:04|1|20|0|19|0|0|0|0|0|0|0|0|0|0|27|60|1a0|1a100|67
441,876cb100-ba1d-11ef-89e1-6ba753cb8f3e,몽냥,67,0원|2024-12-15 20:16:32|1|19|0|19|0|0|0|0|0|0|0|0|0|0|10|10|1a0|1a100|67
441,4cada7c0-a476-11ef-8bbd-77f25fa1edac,미르엘,67,0원|2025-09-19 04:16:04|1|20|0|19|0|0|0|0|0|0|0|0|0|0|3|0
445,cf15c1d0-8cba-11ef-83d5-cbf00bbecbaf,뚝딱,66,7700원|2024-10-18 08:52:33|1|16|0|15|0|0|0|0|0|0|0|0|0|0|10|0|1a0|1a100|66
445,c78fce30-e3de-11ef-b1f8-0977133a9a3a,RksWkr,66,0원|2025-02-10 16:34:52|1|18|0|18|0|0|0|0|0|0|0|0|0|0|10|30|1a0|1a100|66
445,0bd744b0-84bc-11ef-bb1d-b57c981c2b7f,끼룩,66,0원|2024-12-02 20:07:27|1|19|0|18|0|0|0|0|0|0|0|0|0|0|35|0|1a0|1a100|66
448,f34134c0-805f-11ef-bcf8-6d57cb3f8a8a,이공,65,0원|2024-10-03 09:30:46|1|18|0|19|0|0|0|0|0|0|0|0|0|0|7|0
448,f071c030-cf73-11ef-8fc5-43e7b56630d0,옆집사는돌쇠,65,0원|2025-01-12 17:22:44|1|19|0|15|0|0|0|0|0|0|0|0|0|0|35|0|1a0|1a100|65
448,5f2d0f40-d6e8-11ef-b0db-53d6ed22bcf9,쫑구2,65,0원|2025-09-17 00:57:42|1|20|0|19|0|0|0|0|0|0|0|0|0|0|0|0|1a0|1a100|65
451,472870c1-6161-11f0-a63d-51d9ae539d21,화니라니,63,0원|2025-09-11 21:22:20|1|19|0|13|0|0|0|0|0|0|0|0|0|0|7|0|1a0|1a100|63
452,fc158d70-ca75-11ef-8bc5-3ddb6ddf929b,여름날,62,0원|2025-01-05 07:26:22|1|16|0|16|0|0|0|0|0|0|0|0|0|0|20|20|1a0|1a100|62
453,ed9a6690-81fe-11ef-bd85-c334686e1c45,동화,61,0원|2024-10-17 17:45:20|1|17|0|15|0|0|0|0|0|0|0|0|0|0|0|10|1a0|1a100|61
454,f2eaa810-b22a-11ef-8c20-f72da72c3815,수진사랑,60,0원|2025-10-01 00:01:43|1|19|0|14|0|0|0|0|0|0|0|0|0|40.417A|5|1|1a0|1a100|60
454,e6f1dda0-8fc3-11ef-ba08-1de87ed25fda,은익이,60,0원|2025-09-17 22:00:30|1|18|0|18|0|0|0|0|0|0|0|0|0|0|56|0|1a0|1a100|60
454,2aefdc60-ac92-11ef-9fa0-bb1555add548,오른,60,0원|2024-11-28 14:44:11|1|18|0|18|0|0|0|0|0|0|0|0|0|0|0|0|1a0|1a100|60
454,2abce780-7e19-11ef-b507-4f7b5a70518f,릴스타,60,0원|2025-10-21 22:52:26|1|17|0|15|0|0|0|0|0|0|0|0|0|0|5|0|1a0|1a100|60
458,a07529e0-b92b-11ef-8bd7-2d33761d8c56,마토무투,59,0원|2025-09-17 01:29:09|1|19|0|19|0|0|0|0|0|0|0|0|0|0|5|5|1a0|1a100|59
458,7612ab10-d1b7-11ef-af31-130b91f9e2fe,역사를만드는사람,59,0원|2025-10-17 15:05:22|1|18|0|19|0|0|0|0|0|0|0|0|0|0|0|0|1a0|1a100|59
458,4faffea0-b506-11ef-9a18-3d56ababaa9a,은빛수리,59,0원|2025-09-25 09:19:37|1|17|0|19|0|0|0|0|0|0|0|0|0|130.765A|30|20
461,e0933950-b83f-11ef-adf4-b740551de154,빛의어둠,58,0원|2024-12-13 11:23:11|1|18|0|18|0|0|0|0|0|0|0|0|0|0|53|4|1a0|1a100|58
462,862e3720-bfbb-11ef-94ca-e5eb2605b07f,혼자안자,57,0원|2024-12-23 01:16:49|1|23|0|17|0|0|0|0|0|0|0|0|0|0|6|0|1a0|1a100|57
463,6a386e70-ab19-11ef-8a5d-fb4b569024fa,가리지,55,0원|2024-11-26 23:22:59|1|18|0|18|0|0|0|0|0|0|0|0|0|0|25|22|1a0|1a100|55
464,fe2c3fa0-a5ae-11ef-84c6-4ff94f318934,지누,54,0원|2024-11-20 00:24:30|1|19|0|17|0|0|0|0|0|0|0|0|0|0|14|14|1a0|1a100|54
464,a88f3f60-b0a4-11ef-a87b-b5997a27d221,준하이83,54,0원|2025-10-05 00:25:06|1|18|0|16|0|0|0|0|0|0|0|0|0|58.157A|0|0|1a0|1a100|54
464,2eee8e10-ae4f-11ef-b66a-3902a1cdb29b,매직,54,0원|2025-10-14 05:12:01|1|16|0|15|0|0|0|0|0|0|0|0|0|65.436A|3|3|1a0|1a100|54
464,1bc60880-afd6-11ef-b543-cbbf953b5fb8,호나우당뇨,54,0원|2024-12-02 20:31:46|1|18|0|18|0|0|0|0|0|0|0|0|0|0|25|0|1a0|1a100|54
468,c5786750-e0a6-11ef-9ede-937d2f6fa161,배고파아아,53,0원|2025-09-30 02:45:19|1|17|0|16|0|0|0|0|0|0|0|0|0|34.278A|8|5|1a0|1a100|53
468,6461a920-ac14-11ef-b836-09fb8a0a1da3,꾸마,53,0원|2025-09-06 23:32:21|1|19|0|17|0|0|0|0|0|0|0|0|0|0|5|0|1a0|1a100|53
468,428a2bc0-ac4f-11ef-9203-e5502dda7991,해솔,53,0원|2024-11-29 21:04:43|1|17|0|17|0|0|0|0|0|0|0|0|0|0|28|0|1a0|1a100|53
471,e8268a60-d2dd-11ef-a998-1dfcc13d2f16,축구한반도,52,0원|2025-08-29 22:14:10|1|17|0|19|0|0|0|0|0|0|0|0|0|0|32|0|1a0|1a100|52
471,e2980550-83ce-11ef-92b1-675a7deecbaa,봉구얌,52,0원|2024-10-07 21:31:10|1|18|0|17|0|0|0|0|0|0|0|0|0|0|35|0|1a0|1a100|52
471,a0919e80-ac25-11ef-96b9-b706edc02f06,나랑,52,0원|2024-11-28 21:45:59|1|18|0|17|0|0|0|0|0|0|0|0|0|0|10|2|1a0|1a100|52
471,6bb2c8f0-c300-11ef-b139-459924a03fe4,추세,52,0원|2024-12-27 13:02:16|1|17|0|16|0|0|0|0|0|0|0|0|0|0|30|10
471,48031ba0-cd6c-11ef-97aa-470af6a6e97b,뚱두,52,8800원|2025-01-08 22:31:28|1|19|0|19|0|0|0|0|0|0|0|0|0|0|16|0|1a0|1a100|52
476,a1a34100-b4f6-11ef-8a7a-d5e909569ee9,ejjso,51,0원|2025-09-28 19:44:59|1|19|0|16|0|0|0|0|0|0|0|0|0|45.380A|0|32|1a0|1a100|51
476,6fcf9df0-53ec-11f0-af9f-41c2a4c7a57c,은서긴자는중,51,0원|2025-07-26 22:34:13|1|18|0|16|0|0|0|0|0|0|0|0|0|0|1|0|1a0|1a100|51
476,603212c0-bfa8-11ef-bc44-71f6f3cb9a76,채난국,51,0원|2024-12-23 05:45:47|1|16|0|16|0|0|0|0|0|0|0|0|0|0|30|20|1a0|1a100|51
479,794ff6e0-7fd5-11ef-9677-417bac3587f9,짜장라면,50,0원|2025-09-14 21:12:49|1|20|0|19|0|0|0|0|0|0|0|0|0|0|28|4|1a0|1a100|50
480,921e30b0-d629-11ef-8072-7bc6bf465123,난세표류기3,48,0원|2025-02-23 12:05:48|1|19|0|13|0|0|0|0|0|0|0|0|0|0|24|0|1a0|1a100|48
480,3df0a0d0-b69f-11ef-854c-a59e3849cf02,루아,48,0원|2024-12-13 01:25:41|1|21|0|16|0|0|0|0|0|0|0|0|0|0|21|23
480,3b496520-54cd-11f0-bfbd-eb9435a442a7,시골붕어,48,0원|2025-06-29 19:22:48|1|18|0|14|0|0|0|0|0|0|0|0|0|0|2|0|1a0|1a100|48
483,a0111d10-b3ea-11ef-beb1-170d29d19e93,raqun,47,0원|2024-12-11 02:07:44|1|19|0|19|0|0|0|0|0|0|0|0|0|0|11|0|1a0|1a100|47
483,4f1e0330-88e5-11ef-8c4d-9f7eb6408694,문월,47,7700원|2025-10-26 07:08:09|1|19|0|17|0|0|0|0|0|0|0|0|0|6.742A|0|0|1a0|1a100|47
483,21bb45c0-7e1c-11ef-8547-a13db95bba47,이지그음,47,0원|2025-10-21 18:37:08|1|18|0|15|0|0|0|0|0|0|0|0|0|0|10|0|1a0|1a100|47
486,fd8d1fc0-b791-11ef-9842-cbe6188e2d60,율도국지부장,46,0원|2025-10-29 01:26:20|1|17|0|18|0|0|0|0|0|0|0|0|0|59.340A|0|0|1a0|1a100|46
486,f98d3860-abca-11ef-b2bd-974530b81e98,Marlboro,46,0원|2024-11-29 05:30:59|1|19|0|18|0|0|0|0|0|0|0|0|0|0|10|7|1a0|1a100|46
486,bfa5a4b0-b201-11ef-b88d-eba4a648df9f,가능,46,0원|2024-12-05 08:45:15|1|17|0|15|0|0|0|0|0|0|0|0|0|0|0|0|1a0|1a100|46
486,a431ba90-c21c-11ef-b858-c9ad23f8202a,마누라보,46,0원|2024-12-26 04:52:05|1|15|0|14|0|0|0|0|0|0|0|0|0|0|10|0|1a0|1a100|46
486,7714de70-b16e-11ef-b371-a95f7e61ac15,카후라,46,0원|2024-12-05 18:00:36|1|18|0|22|0|0|0|0|0|0|0|0|0|0|0|11|1a0|1a100|46
486,08346e90-afb5-11ef-b329-9d5d8fc1fb13,김치후라이,46,0원|2024-12-01 16:53:25|1|16|0|15|0|0|0|0|0|0|0|0|0|0|0|0|1a0|1a100|46
492,c370bf50-c1cc-11ef-bcfc-e3af63d7a6a4,킴차장,45,0원|2025-10-11 12:19:41|1|17|0|17|0|0|0|0|0|0|0|0|0|53.623A|11|10|1a0|1a100|45
492,83f03370-8954-11ef-9fd7-779fb3cc927f,폭군,45,0원|2025-08-17 03:10:41|1|19|0|18|0|0|0|0|0|0|0|0|0|0|1|0|1a0|1a100|45
492,6ba60b10-aef1-11ef-b40a-8bfc256b68be,혈량,45,0원|2024-11-30 23:38:01|1|18|0|14|0|0|0|0|0|0|0|0|0|0|8|1|1a0|1a100|45
492,6b318290-d75a-11ef-bf19-b9b10c539142,큐큐,45,0원|2025-02-03 04:59:29|1|17|0|19|0|0|0|0|0|0|0|0|0|0|0|0|1a0|1a100|45
492,1a48cbd0-b9f1-11ef-a332-c951fe48ab7c,블루레몬,45,0원|2025-10-06 01:11:19|1|19|0|19|0|0|0|0|0|0|0|0|0|0|0|0|1a0|1a100|45
497,cfdd6650-bd88-11ef-b6b6-5f03728339d5,본원,44,0원|2025-07-18 05:36:56|1|18|0|17|0|0|0|0|0|0|0|0|0|0|10|10|1a0|1a100|44
498,cb132eb0-b3b1-11ef-8b0b-3f0a6e303454,코리현,43,0원|2024-12-08 09:35:52|1|18|0|16|0|0|0|0|0|0|0|0|0|0|5|5|1a0|1a100|43
498,b6064230-b5bb-11ef-a08c-ed29bc79947d,tlsh,43,0원|2025-10-08 12:48:46|1|17|0|16|0|0|0|0|0|0|0|0|0|4.984A|0|0|1a0|1a100|43
500,f81937a0-ab6a-11ef-b2bd-974530b81e98,오라,42,0원|2025-10-06 22:13:55|1|18|0|16|0|0|0|0|0|0|0|0|0|0|6|10|1a0|1a100|42
500,bfe3da10-acba-11ef-80b0-1f3f8f1c75aa,흠흠흠,42,0원|2024-11-29 15:35:48|1|16|0|15|0|0|0|0|0|0|0|0|0|0|0|0|1a0|1a100|42
500,88ae2340-7e28-11ef-80ab-136ada431d37,엘리,42,0원|2025-10-13 20:25:58|1|15|0|16|0|0|0|0|0|0|0|0|0|8.427A|0|0|1a0|1a100|42
500,1bbaf1b0-bc1b-11ef-a867-d1afb7ef3a4e,포은,42,0원|2025-10-10 11:12:37|1|15|0|13|0|0|0|0|0|0|0|0|0|0|0|0|1a0|1a100|42
504,db5bb980-1d0c-11f0-b8f4-157cea631178,jjjin,41,0원|2025-09-28 10:44:35|0|11|0|10|0|0|0|0|0|0|0|0|0|5.016A|20|58|1a0|1a100|41
504,d6782a90-8287-11ef-8ce5-35369fdbf299,쥬쥬,41,0원|2024-11-26 06:34:47|0|16|0|16|0|0|0|0|0|0|0|0|0|0|0|0|1a0|1a100|41
504,bfc66560-ad1a-11ef-9aef-5fb51d03c70a,류비,41,0원|2025-02-24 12:16:21|1|20|0|19|0|0|0|0|0|0|0|0|0|0|2|34|1a0|1a100|41
504,b4f11dc0-b2ff-11ef-b88d-eba4a648df9f,로지니아,41,0원|2025-10-06 01:04:01|0|12|0|11|0|0|0|0|0|0|0|0|0|0|0|0|1a0|1a100|41
504,afd931a0-ad15-11ef-ba35-6398fb3149e3,난근혜,41,0원|2025-10-15 02:01:42|1|16|0|16|0|0|0|0|0|0|0|0|0|3.847A|0|0|1a0|1a100|41
504,5a380060-dc62-11ef-804b-dd634ff5f27e,음악보이,41,0원|2025-10-26 20:46:46|0|19|0|11|0|0|0|0|0|0|0|0|0|0|0|0|1a0|1a100|41
504,4eb65be0-7e1d-11ef-8041-87827bd8f6db,베라모드,41,0원|2024-09-29 21:26:27|1|19|0|17|0|0|0|0|0|0|0|0|0|0|0|0|1a0|1a100|41
504,129288b0-b729-11ef-860a-854dcf78b83d,자수성가,41,0원|2024-12-12 00:17:21|1|16|0|18|0|0|0|0|0|0|0|0|0|0|10|10|1a0|1a100|41
504,074eceb0-ad32-11ef-aba8-31b92e3a207b,르아안,41,0원|2024-12-02 00:47:05|0|13|0|19|0|0|0|0|0|0|0|0|0|0|0|0|1a0|1a100|41
513,cf16ae60-87e7-11ef-9da7-035dfd44ccd0,로엘,40,0원|2025-09-21 20:08:36|1|15|0|15|0|0|0|0|0|0|0|0|0|3.032A|0|0
513,09eaf1a0-ca63-11ef-a69d-97d480c19caf,크레바스,40,0원|2025-09-29 02:39:50|0|19|0|12|0|0|0|0|0|0|0|0|0|1.375A|0|0|1a0|1a100|40
515,8ae17270-ac95-11ef-92f4-af6e371ca13b,깨비,39,0원|2024-11-28 14:50:53|0|19|0|16|0|0|0|0|0|0|0|0|0|0|0|0|1a0|1a100|39
515,4f20cd40-ab5e-11ef-aacc-b10bcb6d1453,eosmn,39,0원|2025-09-14 23:50:49|1|15|0|14|0|0|0|0|0|0|0|0|0|0|71|25|1a0|1a100|39
515,2c893600-ab5e-11ef-b8a4-7f7b772ead33,빙수,39,0원|2024-11-27 00:23:22|0|15|0|15|0|0|0|0|0|0|0|0|0|0|10|10|1a0|1a100|39
518,d0516240-ae3c-11ef-8e1d-2fc8e0d96f08,라한,38,0원|2025-10-09 09:08:38|1|13|0|19|0|0|0|0|0|0|0|0|0|10.540A|0|0|1a0|1a100|38
518,b8a8d1c0-abb0-11ef-911a-e7c0ada9a68c,때짜,38,0원|2025-07-25 17:12:00|0|15|0|14|0|0|0|0|0|0|0|0|0|0|0|0|1a0|1a100|38
520,f1b19040-7e3f-11ef-9d24-49a71dd688d7,띵땅,37,0원|2024-09-29 18:57:43|0|15|0|15|0|0|0|0|0|0|0|0|0|0|0|0|1a0|1a100|37
520,9c0ca140-af07-11ef-9440-957103c27048,마인,37,0원|2025-07-17 22:43:23|0|15|0|15|0|0|0|0|0|0|0|0|0|0|0|0|1a0|1a100|37
520,91a814b0-b93d-11ef-9898-0fbf1f401ffc,이지금은,37,0원|2024-12-15 19:16:53|0|15|0|14|0|0|0|0|0|0|0|0|0|0|0|0
520,908eecb0-ac7d-11ef-9d4f-85486f726cf1,아인파파,37,0원|2025-10-24 13:14:19|1|15|0|14|0|0|0|0|0|0|0|0|0|2.454A|0|0|1a0|1a100|37
520,836a0180-bfd0-11ef-a0b5-bf2ff24d6a06,라기,37,8800원|2025-10-15 02:34:12|0|19|0|19|0|0|0|0|0|0|0|0|0|2.503A|0|0|1a0|1a100|37
520,334edd40-acd6-11ef-9fa0-bb1555add548,별방지기,37,0원|2024-11-28 01:53:47|0|16|0|16|0|0|0|0|0|0|0|0|0|0|1|3|1a0|1a100|37
526,3dc39f10-c1b0-11ef-9f2b-93182224376b,분당아기냥이,36,0원|2025-10-04 23:41:54|0|15|0|11|0|0|0|0|0|0|0|0|0|0|14|8|1a0|1a100|36
527,e37b29e0-d160-11ef-8c48-a510c3e27905,십자가석열,35,0원|2025-07-25 22:40:02|0|14|0|13|0|0|0|0|0|0|0|0|0|0|0|0|1a0|1a100|35
527,e1d7dcf0-a046-11ef-9946-359c6f8d78d1,세종321ABC,35,0원|2025-10-06 23:37:13|0|14|0|15|0|0|0|0|0|0|0|0|0|0|0|0|1a0|1a100|35
527,2887f9d0-d091-11ef-99b5-83aaa903ca22,전성탁,35,0원|2025-09-22 01:15:05|0|14|0|15|0|0|0|0|0|0|0|0|0|1.316A|12|15
530,99f61910-d953-11ef-8f92-b976c3b70792,fvhuv,34,0원|2025-01-23 15:55:23|0|17|0|15|0|0|0|0|0|0|0|0|0|0|8|0|1a0|1a100|34
530,65a455c0-bacf-11ef-9cca-8d10acd9f194,라비,34,0원|2024-12-18 20:05:04|0|15|0|15|0|0|0|0|0|0|0|0|0|0|0|0|1a0|1a100|34
530,4750a3f0-b172-11ef-83c8-5579d034ff08,NOW,34,0원|2024-12-03 22:09:32|0|16|0|16|0|0|0|0|0|0|0|0|0|0|0|0|1a0|1a100|34
530,16643ff0-b130-11ef-9261-1da2a65a2e08,네로,34,"0원|2025-09-29 01:32:33|0|14|0|11|0|0|0|0|0|0|0|0|0|314,696|0|0|1a0|1a100|34"
530,0078a210-7e1a-11ef-b44c-ade555b0ce32,몰입,34,0원|2024-09-29 14:08:23|0|16|0|16|0|0|0|0|0|0|0|0|0|0|0|0|1a0|1a100|34
535,e5775ea0-adeb-11ef-9499-678aa71606e9,출동왕,32,0원|2025-09-08 01:25:35|0|15|0|12|0|0|0|0|0|0|0|0|0|0|4|0
535,d2720cb0-ab39-11ef-b8a4-7f7b772ead33,블랙오,32,0원|2025-07-26 13:17:36|0|16|0|17|0|0|0|0|0|0|0|0|0|0|0|0|1a0|1a100|32
535,37588e81-b501-11ef-ae97-4353aee62c39,밍갱,32,0원|2024-12-08 10:53:42|0|18|0|13|0|0|0|0|0|0|0|0|0|0|0|0|1a0|1a100|32
538,255165e0-abb0-11ef-8901-b199a795327b,장독대,30,0원|2025-10-06 18:39:57|0|15|0|13|0|0|0|0|0|0|0|0|0|0|0|0|1a0|1a100|30
538,10029a10-b85d-11ef-848a-d15886dbbd59,최재진,30,"0원|2025-10-21 01:15:05|0|16|0|10|0|0|0|0|0|0|0|0|0|139,295|0|0|1a0|1a100|30"
540,80ebc6e0-b2f2-11ef-b7df-697ceda880c1,Faye,28,0원|2024-12-05 19:52:08|0|16|0|15|0|0|0|0|0|0|0|0|0|0|0|0|1a0|1a100|28
541,5ffc1df0-ac89-11ef-98e7-6b8767f8fd1f,라떼,26,0원|2024-11-27 16:24:39|0|16|0|15|0|0|0|0|0|0|0|0|0|0|1|1|1a0|1a100|26
541,2d997340-b30e-11ef-8b0b-3f0a6e303454,난쎄다,26,0원|2024-12-05 23:23:07|0|12|0|11|0|0|0|0|0|0|0|0|0|0|0|0|1a0|1a100|26
543,a4ae36a0-abac-11ef-a4f3-1fc1a72c78ad,junsik,25,"0원|2025-10-21 21:35:09|0|13|0|10|0|0|0|0|0|0|0|0|0|88,305|0|0|1a0|1a100|25"
544,f8b0d550-7e1b-11ef-8547-a13db95bba47,효카,24,0원|2025-07-29 18:38:38|0|16|0|13|0|0|0|0|0|0|0|0|0|0|0|1|1a0|1a100|24
544,93418500-b11c-11ef-bad4-dff43eea0f84,OXY,24,"0원|2025-09-21 11:18:25|0|17|0|14|0|0|0|0|0|0|0|0|0|150,447|0|0"
544,8ded8700-ab42-11ef-a9dd-01e33bb298a5,Zero1,24,0원|2024-11-26 01:22:49|0|18|0|13|0|0|0|0|0|0|0|0|0|0|0|0|1a0|1a100|24
547,ea6a3b50-cf18-11ef-b95f-ebaeff332cc0,난세야난세,23,0원|2025-01-10 16:23:42|0|12|0|10|0|0|0|0|0|0|0|0|0|0|0|0|1a0|1a100|23
547,048f6ff0-c2d0-11ef-baf5-bfaa5e79669f,꼬닝,23,"0원|2025-09-28 09:24:43|0|14|0|12|0|0|0|0|0|0|0|0|0|70,695|0|0|1a0|1a100|23"
549,b14db870-ae42-11ef-be6a-9db3ae4ff6d0,허원혁,22,0원|2025-07-18 09:51:32|0|18|0|14|0|0|0|0|0|0|0|0|0|0|0|0|1a0|1a100|22
550,c889aa70-b08c-11ef-a87b-b5997a27d221,차자기,21,"0원|2025-10-20 21:03:09|0|16|0|12|0|0|0|0|0|0|0|0|0|69,478|0|0|1a0|1a100|21"
550,88dd5820-c259-11ef-9d3a-fdbbbc8def7e,체리파르페,21,0원|2024-12-25 19:03:59|0|8|0|11|0|0|0|0|0|0|0|0|0|0|0|0|1a0|1a100|21
550,0387cdb0-ad08-11ef-ad9c-e5d9ea4ca0e7,유나아기,21,"0원|2025-09-29 20:51:27|0|18|0|14|0|0|0|0|0|0|0|0|0|83,026|0|0|1a0|1a100|21"
