0070a5e0-6f98-11f0-9dc6-c740e199e4f0,1168200 ,1168200 ,,
총합계,0 ,13347400 ," 13,347,400 "," 6,673,700 "
e5229e50-660b-11f0-97d0-fb9951280f6d,6774900 ,9904400 ," 3,129,500 ",
미야,6774900 ,9904400 ," 3,129,500 ",
c123ed00-707f-11f0-af08-ff0c7b19e63c,6245800 ,7733000 ," 1,487,200 ",
오디나무,6245800 ,7733000 ," 1,487,200 ",
5e156310-6224-11f0-bbfd-8564365ef7ff,12382000 ,13264200 ," 882,200 ",
아둔,12382000 ,13264200 ," 882,200 ",
765f3530-a762-11f0-8a45-d31b6a591896,3307700 ,3897300 ," 589,600 ",
곡산,3307700 ,3897300 ," 589,600 ",
c26f8420-7161-11f0-8abd-4fb202f7ffe2,7725300 ,8254400 ," 529,100 ",
조승연,7725300 ,8254400 ," 529,100 ",
d88da590-618d-11f0-be18-d54b23f40b25,10256400 ,10698600 ," 442,200 ",
악마,10256400 ,10698600 ," 442,200 ",
710cee70-648b-11f0-a086-85e9f4d94fe9,997700 ,1404700 ," 407,000 ",
슭슭,997700 ,1404700 ," 407,000 ",
f63c3280-6720-11f0-b696-57f6be140e14,13065800 ,13347400 ," 281,600 ",
Raid,13065800 ,13347400 ," 281,600 ",
4374e1c0-8939-11f0-9347-3929b0cef372,634700 ,854700 ," 220,000 ",
doyoung,634700 ,854700 ," 220,000 ",
eb55b150-8194-11f0-9647-c522e92b8a5a,2057000 ,2277000 ," 220,000 ",
독도지킴이,2057000 ,2277000 ," 220,000 ",
2efbeb40-650c-11f0-b0f9-9b13bf283379,686400 ,899800 ," 213,400 ",
lsh,686400 ,899800 ," 213,400 ",
e51c56b0-6711-11f0-924a-215eb8d4d8f2,1634600 ,1821600 ," 187,000 ",
서준아빠,1634600 ,1821600 ," 187,000 ",
11660050-6464-11f0-b9a2-71a70b35ee88,2962300 ,3138300 ," 176,000 ",
쉬밤꺼,2962300 ,3138300 ," 176,000 ",
4b5adae0-6506-11f0-ada0-5d42ab9007c0,3678400 ,3843400 ," 165,000 ",
헤롱이,3678400 ,3843400 ," 165,000 ",
7f57d260-8164-11f0-95c0-1ff710237f98,99000 ,264000 ," 165,000 ",
크로노시아,99000 ,264000 ," 165,000 ",
3fa5aed0-833a-11f0-ad5f-e1d8c9ae70c5,831600 ,985600 ," 154,000 ",
혜디,831600 ,985600 ," 154,000 ",
75bffcb0-827b-11f0-80c1-3159ec3884c6,1139600 ,1283700 ," 144,100 ",
문학이,1139600 ,1283700 ," 144,100 ",
977d8e10-66e4-11f0-abbe-1b148ce1c918,1845800 ,1977800 ," 132,000 ",
두율대디,1845800 ,1977800 ," 132,000 ",
72b22fe0-7045-11f0-8560-7d29743bfe39,2988700 ,3098700 ," 110,000 ",
ad571990-9d26-11f0-af86-254f6fe56d05,1108800 ,1202300 ," 93,500 ",
kms00,1108800 ,1202300 ," 93,500 ",
5b35f9b0-62fc-11f0-a53e-f720860fcc8a,885500 ,963600 ," 78,100 ",
103,885500 ,963600 ," 78,100 ",
ef56db60-6391-11f0-8ad1-495afdf38cf0,621500 ,698500 ," 77,000 ",
딱쎄,621500 ,698500 ," 77,000 ",
f7a6f2a0-670b-11f0-b696-57f6be140e14,506000 ,583000 ," 77,000 ",
신지무념,506000 ,583000 ," 77,000 ",
72e42630-95b1-11f0-9cdc-e7577ac60a57,1448700 ,1521300 ," 72,600 ",
문현석,1448700 ,1521300 ," 72,600 ",
c55b58e0-70f2-11f0-bece-558106a981fc,1687400 ,1760000 ," 72,600 ",
BADA,1687400 ,1760000 ," 72,600 ",
3e1f6910-6653-11f0-8157-83c241bc6c35,2240700 ,2306700 ," 66,000 ",
조노비,2240700 ,2306700 ," 66,000 ",
718a59f0-6319-11f0-973d-8fd00d5d3e51,234300 ,300300 ," 66,000 ",
하나공공,234300 ,300300 ," 66,000 ",
7e680d30-7358-11f0-8bad-f7e88911e7be,185900 ,251900 ," 66,000 ",
러미,185900 ,251900 ," 66,000 ",
d7621bd0-6e9c-11f0-8666-eb60ce675482,3379200 ,3445200 ," 66,000 ",
이순신표류기,3379200 ,3445200 ," 66,000 ",
65318070-a784-11f0-a16f-5f47eac256d9,914100 ,976800 ," 62,700 ",
유션,914100 ,976800 ," 62,700 ",
b2e6e500-694d-11f0-9eb1-291bf23f596e,105600 ,160600 ," 55,000 ",
무르무르,105600 ,160600 ," 55,000 ",
80cee140-993a-11f0-8e0a-f7c5607bb0ab,943800 ,990000 ," 46,200 ",
민밥이,943800 ,990000 ," 46,200 ",
34e88230-6574-11f0-94e1-9148d7950b64,590700 ,634700 ," 44,000 ",
김견,590700 ,634700 ," 44,000 ",
4b71d490-6522-11f0-a092-cfb4e8946e57,221100 ,265100 ," 44,000 ",
랑방,221100 ,265100 ," 44,000 ",
c78892f0-64da-11f0-ad80-bf5616b7c1de,141900 ,185900 ," 44,000 ",
주세요,141900 ,185900 ," 44,000 ",
cc61edb0-6a3b-11f0-bf1f-adc3992fea58,1141800 ,1181400 ," 39,600 ",
아루맘,1141800 ,1181400 ," 39,600 ",
25aefcc0-678d-11f0-83e9-4bc733aa8455,520300 ,554400 ," 34,100 ",
dndu,520300 ,554400 ," 34,100 ",
11c603d0-6dea-11f0-890a-1d2484aa8748,2244000 ,2277000 ," 33,000 ",
옥지의빵빵이,2244000 ,2277000 ," 33,000 ",
32bc75c0-61d7-11f0-94d1-0d70694c9e17,605000 ,638000 ," 33,000 ",
호펜,605000 ,638000 ," 33,000 ",
37061a30-8722-11f0-a9e7-2f19d0bed3ca,227700 ,260700 ," 33,000 ",
하품HS,227700 ,260700 ," 33,000 ",
58d5c9b0-6398-11f0-9e16-f1cd993522e6,4989600 ,5022600 ," 33,000 ",
심대표,4989600 ,5022600 ," 33,000 ",
8a38dcd0-9639-11f0-bb50-e15878e3cddc,634700 ,667700 ," 33,000 ",
현종,634700 ,667700 ," 33,000 ",
8de0bd40-6d07-11f0-8662-b3a8d615c0d7,1052700 ,1085700 ," 33,000 ",
마늘쫑,1052700 ,1085700 ," 33,000 ",
fa517be0-7211-11f0-83af-4745963871f2,625900 ,658900 ," 33,000 ",
리혜,625900 ,658900 ," 33,000 ",
baf848e0-63f0-11f0-990b-3fc68f8c80ee,56100 ,86900 ," 30,800 ",
세라라,56100 ,86900 ," 30,800 ",
5768ab00-6c31-11f0-98cb-9992c3b823e7,249700 ,279400 ," 29,700 ",
무우사무휼,249700 ,279400 ," 29,700 ",
5d7b89a0-630c-11f0-a53e-f720860fcc8a,7700 ,37400 ," 29,700 ",
미역,7700 ,37400 ," 29,700 ",
ef2dc190-a134-11f0-adfa-23dc9e3c63a9,783200 ,810700 ," 27,500 ",
저주거는노인,783200 ,810700 ," 27,500 ",
f0e4dc20-6ae9-11f0-b19c-67c669359d64,740300 ,762300 ," 22,000 ",
체리벼리,740300 ,762300 ," 22,000 ",
42cc9b40-6162-11f0-b3d1-87299bff9ff6,1538900 ,1556500 ," 17,600 ",
HYUCK,1538900 ,1556500 ," 17,600 ",
1c694070-7a44-11f0-a6f7-a3aeb985050f,460900 ,474100 ," 13,200 ",
nakju1,460900 ,474100 ," 13,200 ",
4ef455b0-67c1-11f0-a86b-6be161d85452,93500 ,106700 ," 13,200 ",
철도공사,93500 ,106700 ," 13,200 ",
9bf03a30-6e26-11f0-be5d-0122246d3da9,3682800 ,3696000 ," 13,200 ",
쌈쟁이,3682800 ,3696000 ," 13,200 ",
c87b70f0-7a2f-11f0-8e19-cf72656b400b,650100 ,663300 ," 13,200 ",
가별초,650100 ,663300 ," 13,200 ",
e0f246d0-9218-11f0-856a-eda90a12f622,1848000 ,1861200 ," 13,200 ",
허스칼,1848000 ,1861200 ," 13,200 ",
43ef9440-6640-11f0-b4ee-39fec46309cd,294800 ,305800 ," 11,000 ",
허요허요,294800 ,305800 ," 11,000 ",
4ac84310-63ee-11f0-bf41-c3e2fe979c75,1772100 ,1783100 ," 11,000 ",
태백,1772100 ,1783100 ," 11,000 ",
5bcc2270-623c-11f0-853f-4567daacb8e8,196900 ,207900 ," 11,000 ",
밈찌,196900 ,207900 ," 11,000 ",
77c7e4a0-a6ac-11f0-8ecd-5f1339e006a7,963600 ,974600 ," 11,000 ",
모쨔,963600 ,974600 ," 11,000 ",
7820d440-62b7-11f0-a89f-3182c3b8adb5,1208900 ,1219900 ," 11,000 ",
디우,1208900 ,1219900 ," 11,000 ",
9dfb1b30-623a-11f0-8ed7-4f4ea466921e,7700 ,18700 ," 11,000 ",
내가구운와플,7700 ,18700 ," 11,000 ",
9e284120-6e2c-11f0-a931-a30ac76d0ed7,490600 ,501600 ," 11,000 ",
Roq,490600 ,501600 ," 11,000 ",
ab45fa10-a34b-11f0-9aca-c12771bb28af,1074700 ,1085700 ," 11,000 ",
수류,1074700 ,1085700 ," 11,000 ",
eef7c640-6af6-11f0-b6ac-91e7f241e767,1384900 ,1395900 ," 11,000 ",
허어어니,1384900 ,1395900 ," 11,000 ",
c4cc3df0-6ac0-11f0-b02c-d5017a532635,320100 ,330000 ," 9,900 ",
스과,320100 ,330000 ," 9,900 ",
dbe82c51-669d-11f0-850c-5560f809d922,18700 ,26400 ," 7,700 ",
밍글이,18700 ,26400 ," 7,700 ",
2d04d730-69e3-11f0-9416-6d61d44d7bd3,3032700 ,3039300 ," 6,600 ",
그루터기,3032700 ,3039300 ," 6,600 ",
65b4b6d0-6a52-11f0-b350-274e47244e62,40700 ,44000 ," 3,300 ",
헤나,40700 ,44000 ," 3,300 ",
1f263dc0-7a69-11f0-9a29-559f62923361,61600 ,63800 ," 2,200 ",
joata,61600 ,63800 ," 2,200 ",
62f48640-647c-11f0-9c48-11e41ca3b3cb,25300 ,27500 ," 2,200 ",
재밌는친구,25300 ,27500 ," 2,200 ",
c9a11780-66ef-11f0-a331-1515e3bebb36,38500 ,40700 ," 2,200 ",
어왔니,38500 ,40700 ," 2,200 ",
40c562e0-647e-11f0-bd3a-59ec6d6002f0,3107500 ,3108600 ," 1,100 ",
드레옹,3107500 ,3108600 ," 1,100 ",
96e63620-7213-11f0-91c2-0d47c4209baa,1810600 ,1811700 ," 1,100 ",
zenz,1810600 ,1811700 ," 1,100 ",
b3087670-6ab0-11f0-aabe-19fce0d146b1,49500 ,50600 ," 1,100 ",
4827,49500 ,50600 ," 1,100 ",
b6db8210-7b04-11f0-8e56-25665b36740b,61600 ,62700 ," 1,100 ",
무사100동수,61600 ,62700 ," 1,100 ",
무랭이,1168200 ,1168200 , - ,
00ef0f70-64e9-11f0-89c4-91955faa19a3,456500 ,456500 , - ,
태굥,456500 ,456500 , - ,
016edd50-8694-11f0-9ba5-cd512d770b04,1290300 ,1290300 , - ,
기역니은디귿,1290300 ,1290300 , - ,
0199f930-a9b8-11f0-baeb-dba5e53ace44,7700 ,7700 , - ,
럭키하온,7700 ,7700 , - ,
01fdbee0-67df-11f0-8812-73bb8ef7c9b8,15400 ,15400 , - ,
내안에이무기,15400 ,15400 , - ,
02e2bf80-6812-11f0-9069-eb268d57af69,47300 ,47300 , - ,
타샤,47300 ,47300 , - ,
03131a90-6a10-11f0-9adb-01ec0e539aaf,11000 ,11000 , - ,
짬쥐,11000 ,11000 , - ,
03db9360-646d-11f0-9969-437e63fe5696,66000 ,66000 , - ,
남궁세가,66000 ,66000 , - ,
03e71c20-678e-11f0-8310-8370146853a0,40700 ,40700 , - ,
이즈니,40700 ,40700 , - ,
053c0240-74ca-11f0-8c5d-c3b0256c8508,176000 ,176000 , - ,
낭낭낭,176000 ,176000 , - ,
055e29d0-66e0-11f0-b905-616e286946a4,383900 ,383900 , - ,
fourzero,383900 ,383900 , - ,
05b8cc30-63db-11f0-9b30-bfc50fd617fd,22000 ,22000 , - ,
한국사일타강사,22000 ,22000 , - ,
067338c0-66df-11f0-abbe-1b148ce1c918,1109900 ,1109900 , - ,
나류토,1109900 ,1109900 , - ,
068d1d90-95eb-11f0-acdd-650478bb8a1d,2684000 ,2684000 , - ,
지헌,2684000 ,2684000 , - ,
06f4fba0-645d-11f0-a72c-e970bf999ff4,209000 ,209000 , - ,
JMG,209000 ,209000 , - ,
0b0e3e60-7e7d-11f0-a0b4-a39a44483f18,3186700 ,3186700 , - ,
모래내,3186700 ,3186700 , - ,
0b7b1bb0-6d3f-11f0-9497-07950a6b2df0,800800 ,800800 , - ,
roki,800800 ,800800 , - ,
0c3dfec0-64f5-11f0-846f-13edae8f7606,25300 ,25300 , - ,
꾸꾸83,25300 ,25300 , - ,
0c9e5850-62b2-11f0-b038-1df969c0d9a5,4588100 ,4588100 , - ,
엉망,4588100 ,4588100 , - ,
0c9eddc1-63d4-11f0-b0c8-0be5c747fc57,11000 ,11000 , - ,
내일의포부,11000 ,11000 , - ,
0d41e570-63dd-11f0-b0c8-0be5c747fc57,14300 ,14300 , - ,
이오스,14300 ,14300 , - ,
0d64c1a0-6d9f-11f0-a543-8f438c788f23,82500 ,82500 , - ,
김철호,82500 ,82500 , - ,
0f9049d0-618e-11f0-bd36-5f31c52cdc75,6828800 ,6828800 , - ,
아마테라스,6828800 ,6828800 , - ,
10700620-675a-11f0-abfa-cf2722f87813,1202300 ,1202300 , - ,
초홍볶,1202300 ,1202300 , - ,
10849cb0-6382-11f0-969f-574f3b894b44,40700 ,40700 , - ,
하또짜,40700 ,40700 , - ,
10b5eb60-66ef-11f0-b905-616e286946a4,95700 ,95700 , - ,
이슬공주,95700 ,95700 , - ,
10e7c020-775e-11f0-81f0-bdda0a51b469,114400 ,114400 , - ,
paxxi,114400 ,114400 , - ,
115cf280-6b5d-11f0-837a-5be36112ad0f,7700 ,7700 , - ,
강반석,7700 ,7700 , - ,
11a136f0-6e5c-11f0-a931-a30ac76d0ed7,78100 ,78100 , - ,
떠쥬니,78100 ,78100 , - ,
125afb70-6f98-11f0-8bcf-0fce4df5602b,1149500 ,1149500 , - ,
조메기,1149500 ,1149500 , - ,
129615c0-7745-11f0-9300-b56cf26dc650,40700 ,40700 , - ,
brownie,40700 ,40700 , - ,
13f74790-62b9-11f0-839f-d97137a128f6,160600 ,160600 , - ,
권대훈,160600 ,160600 , - ,
145a7890-6cb1-11f0-8e36-7ff47c038c45,810700 ,810700 , - ,
청무룡,810700 ,810700 , - ,
15a073e0-649f-11f0-829b-d50781ca76af,36300 ,36300 , - ,
돗개,36300 ,36300 , - ,
15f5ff20-62f8-11f0-b4b3-99d44587a070,458700 ,458700 , - ,
맘바,458700 ,458700 , - ,
15f65440-678d-11f0-854a-b963b3c30991,18700 ,18700 , - ,
자냥탄센,18700 ,18700 , - ,
1710dcc0-8aff-11f0-9be3-89fd900261bb,2205500 ,2205500 , - ,
창하,2205500 ,2205500 , - ,
177a8a20-63e6-11f0-849d-3b3a1fc71a59,245300 ,245300 , - ,
김민교,245300 ,245300 , - ,
17b3bca0-6364-11f0-97d7-efff12aed0ab,7700 ,7700 , - ,
방랑자장씨,7700 ,7700 , - ,
17d07e40-6b79-11f0-b12d-131ac73060ee,314600 ,314600 , - ,
톰달,314600 ,314600 , - ,
1866e840-7113-11f0-a2a7-91b28ed640aa,4898300 ,4898300 , - ,
금재곱,4898300 ,4898300 , - ,
18ab42a0-6a20-11f0-9adb-01ec0e539aaf,99000 ,99000 , - ,
례진,99000 ,99000 , - ,
19080300-6f8e-11f0-8bcf-0fce4df5602b,51700 ,51700 , - ,
현무암,51700 ,51700 , - ,
1a32b1a0-6d70-11f0-8ace-c9e44639a5b1,132000 ,132000 , - ,
이만냥,132000 ,132000 , - ,
1b679820-62fc-11f0-aafb-6f8fc69735d7,1406900 ,1406900 , - ,
하모예,1406900 ,1406900 , - ,
1c0c6350-6e23-11f0-bf39-61a625d3dba8,215600 ,215600 , - ,
IPZA,215600 ,215600 , - ,
1c3866c0-6f5f-11f0-ac43-e97313d2b0eb,139700 ,139700 , - ,
자브종늑대,139700 ,139700 , - ,
1c422360-6f62-11f0-ac43-e97313d2b0eb,3197700 ,3197700 , - ,
웅이아부지,3197700 ,3197700 , - ,
1e6fd4d0-80a5-11f0-8c58-55da2247a863,616000 ,616000 , - ,
표장창,616000 ,616000 , - ,
1e893510-66ce-11f0-bec5-bbe08fa86bc3,7700 ,7700 , - ,
안시성I만춘,7700 ,7700 , - ,
1f5d08f0-6c36-11f0-9d81-e7c0c7be48b2,323400 ,323400 , - ,
양승구,323400 ,323400 , - ,
207afce0-70e8-11f0-8064-99fde900ee59,7700 ,7700 , - ,
고래오,7700 ,7700 , - ,
2147a220-63f7-11f0-9f61-e14d99ccbb10,0 ,0 , - ,
달빛나린아이,0 ,0 , - ,
235d0da0-6b97-11f0-b12d-131ac73060ee,40700 ,40700 , - ,
실땅님,40700 ,40700 , - ,
23702110-6db3-11f0-bca4-23c72ea5e3de,14300 ,14300 , - ,
종생,14300 ,14300 , - ,
23ac2230-6b4e-11f0-97d6-9d9ba89f59bd,7700 ,7700 , - ,
장가계,7700 ,7700 , - ,
2547d1c0-6e78-11f0-88c8-49c308cd556e,432300 ,432300 , - ,
도라에몽표류기,432300 ,432300 , - ,
254b6ed0-6a94-11f0-a3f5-b7808f7fb4b1,29700 ,29700 , - ,
측반,29700 ,29700 , - ,
26b131f0-6e19-11f0-81df-cbcc25545732,47300 ,47300 , - ,
폭력왕,47300 ,47300 , - ,
26f40d90-6d38-11f0-b976-671badd129d8,14300 ,14300 , - ,
구데기,14300 ,14300 , - ,
27c1bed0-8326-11f0-bee3-69d36a7f9278,2405700 ,2405700 , - ,
푸우웅,2405700 ,2405700 , - ,
280e8050-677c-11f0-bcc9-bd1830454154,25300 ,25300 , - ,
김뿡,25300 ,25300 , - ,
2b442c30-68b6-11f0-b6e5-1f4abc2a195f,799700 ,799700 , - ,
갓세종,799700 ,799700 , - ,
2b658230-6358-11f0-9eba-319c3c5b72eb,94600 ,94600 , - ,
기풍한1,94600 ,94600 , - ,
2c5c1dc0-6fba-11f0-ab31-25a3b6e37799,7700 ,7700 , - ,
티몬짱,7700 ,7700 , - ,
2c5cb5b0-6514-11f0-8799-a56030339d38,992200 ,992200 , - ,
GC,992200 ,992200 , - ,
2cbcb5f0-71cb-11f0-820c-4f393071ce5a,518100 ,518100 , - ,
백초거,518100 ,518100 , - ,
2cfa66a0-6985-11f0-86e2-d3a55f318685,77000 ,77000 , - ,
Tien,77000 ,77000 , - ,
2d2eaf80-6734-11f0-a25c-47a5a693b30a,1183600 ,1183600 , - ,
꽃설,1183600 ,1183600 , - ,
2fb3d4f0-626c-11f0-9eb5-cf396344702c,379500 ,379500 , - ,
찐아,379500 ,379500 , - ,
30918dc0-64bc-11f0-bac8-c1efd8a8ec20,22000 ,22000 , - ,
카넬리안,22000 ,22000 , - ,
312b5d50-73d1-11f0-b431-a74b7b9c19a0,7700 ,7700 , - ,
cherius,7700 ,7700 , - ,
3130f410-6f1a-11f0-926b-bd6819081865,1086800 ,1086800 , - ,
영쟈굳,1086800 ,1086800 , - ,
32531a60-71e2-11f0-a1e3-33e6e3a1e0e9,51700 ,51700 , - ,
흰구름,51700 ,51700 , - ,
325d12a0-67b4-11f0-a86b-6be161d85452,7700 ,7700 , - ,
qpalzm,7700 ,7700 , - ,
32af3fb0-6653-11f0-96fa-990fd0c2f326,3798300 ,3798300 , - ,
Jemin,3798300 ,3798300 , - ,
33291010-7a8a-11f0-a36f-a7cbd2baf6a3,363000 ,363000 , - ,
인간홍삼,363000 ,363000 , - ,
33b6bee0-797e-11f0-b26c-f748a48980eb,3456200 ,3456200 , - ,
먼지아빠,3456200 ,3456200 , - ,
35944f70-7834-11f0-b9a9-97fbbef830f1,567600 ,567600 , - ,
유체리,567600 ,567600 , - ,
36cda840-64f8-11f0-920f-d9bd8a2a820c,299200 ,299200 , - ,
의천대협,299200 ,299200 , - ,
36db7b50-6d45-11f0-a5ac-25cfed422797,4353800 ,4353800 , - ,
코리아se스머신,4353800 ,4353800 , - ,
37fb0cb0-622f-11f0-bc70-397db01e6720,7700 ,7700 , - ,
또봇엑스,7700 ,7700 , - ,
38c7bd50-6897-11f0-93e8-85a9cfc62190,8800 ,8800 , - ,
보라돌,8800 ,8800 , - ,
390795f0-6438-11f0-93a4-af3680a69719,7700 ,7700 , - ,
옐로우콘,7700 ,7700 , - ,
399b1780-6f69-11f0-846f-17143172b206,139700 ,139700 , - ,
짖리,139700 ,139700 , - ,
3b805770-6322-11f0-a9dd-09ac9a880f48,7700 ,7700 , - ,
라크,7700 ,7700 , - ,
3c8b4650-62f7-11f0-a53e-f720860fcc8a,11000 ,11000 , - ,
Atom,11000 ,11000 , - ,
3d2884a0-62df-11f0-8f11-77dd1d282e8c,743600 ,743600 , - ,
난중일기,743600 ,743600 , - ,
3f4a9ee0-636f-11f0-97d7-efff12aed0ab,27500 ,27500 , - ,
김인서,27500 ,27500 , - ,
3f7a7390-6603-11f0-9582-8f4f9f5b46ce,2523400 ,2523400 , - ,
럭키스트라이크,2523400 ,2523400 , - ,
3feb9230-68f3-11f0-b6e5-1f4abc2a195f,691900 ,691900 , - ,
rubidu,691900 ,691900 , - ,
404036d0-67bf-11f0-95fe-5b05e0783f63,7700 ,7700 , - ,
바르다지,7700 ,7700 , - ,
412af170-6fc1-11f0-9919-e94a263a5db1,44000 ,44000 , - ,
오아니,44000 ,44000 , - ,
418d3be0-6851-11f0-9a92-175f0d2b5caf,51700 ,51700 , - ,
백기사님,51700 ,51700 , - ,
41a2e930-6550-11f0-aed2-e9684f688284,737000 ,737000 , - ,
캐누,737000 ,737000 , - ,
423850d0-70d4-11f0-8f33-01703284fd43,280500 ,280500 , - ,
리세3,280500 ,280500 , - ,
42ec4190-6d31-11f0-b976-671badd129d8,614900 ,614900 , - ,
써티프로,614900 ,614900 , - ,
44f437c0-6437-11f0-8bb1-eb965705e646,40700 ,40700 , - ,
김투명,40700 ,40700 , - ,
45daa740-6e97-11f0-9a77-0509129a3f56,33000 ,33000 , - ,
아스본,33000 ,33000 , - ,
4799cb00-63e4-11f0-8ce7-05e1fc9cefd2,40700 ,40700 , - ,
타이거즈,40700 ,40700 , - ,
48f63e40-6d1a-11f0-b976-671badd129d8,568700 ,568700 , - ,
심상,568700 ,568700 , - ,
490e2be1-637e-11f0-b6f5-df7d29cfa051,865700 ,865700 , - ,
로봇,865700 ,865700 , - ,
49499450-68ba-11f0-bd47-cf3af6acce80,392700 ,392700 , - ,
기모찌맨,392700 ,392700 , - ,
4a18f070-7048-11f0-9100-890f54ac73b3,47300 ,47300 , - ,
짝눈원숭이,47300 ,47300 , - ,
4b4f7eb0-6552-11f0-a8f6-b9ccbcdd6c19,162800 ,162800 , - ,
느엥,162800 ,162800 , - ,
4c16d790-63f8-11f0-b314-3925c9c0ffa7,14300 ,14300 , - ,
도휼,14300 ,14300 , - ,
4c2fb520-693a-11f0-9f89-dbb641051642,18700 ,18700 , - ,
서백,18700 ,18700 , - ,
4c7f7520-638f-11f0-9730-63c2972c2599,7700 ,7700 , - ,
로빈홋,7700 ,7700 , - ,
4d3aa9d0-6637-11f0-b390-df77dfcfb7b2,75900 ,75900 , - ,
뿌돔,75900 ,75900 , - ,
4e144c50-6397-11f0-a4da-3d0ef443f21c,4307600 ,4307600 , - ,
JJJ0738,4307600 ,4307600 , - ,
4e8d06b0-6192-11f0-9869-c1c5ed7630de,28600 ,28600 , - ,
트리니타스,28600 ,28600 , - ,
4ee1f181-6745-11f0-b6f9-9341b272f2ff,7700 ,7700 , - ,
백이련,7700 ,7700 , - ,
510f50f0-6615-11f0-b9c4-fd8fa20ffc1f,168300 ,168300 , - ,
성도,168300 ,168300 , - ,
528fc7d0-6e57-11f0-85e6-cfac77f34799,7700 ,7700 , - ,
라면먹자,7700 ,7700 , - ,
52c532a0-62c5-11f0-9c90-0dce0c3e38c5,40700 ,40700 , - ,
독각룡,40700 ,40700 , - ,
530b3fc0-649b-11f0-90f2-efb4d5ac17d9,442200 ,442200 , - ,
rorori,442200 ,442200 , - ,
53ecb2f0-6f0b-11f0-9afb-2f86f2b4815b,7700 ,7700 , - ,
윤서아빠,7700 ,7700 , - ,
55b34ac0-649a-11f0-90f2-efb4d5ac17d9,62700 ,62700 , - ,
삼겹살이젤좋아,62700 ,62700 , - ,
560a4be0-853d-11f0-81f6-573468fded87,3147100 ,3147100 , - ,
정상화,3147100 ,3147100 , - ,
5670d230-707e-11f0-bc15-636efddecf18,1420100 ,1420100 , - ,
teamnose,1420100 ,1420100 , - ,
56df7690-6f8e-11f0-9dc6-c740e199e4f0,16500 ,16500 , - ,
야채,16500 ,16500 , - ,
57fc97d0-6384-11f0-8ea7-a17bafa0e4d0,27500 ,27500 , - ,
구구가가,27500 ,27500 , - ,
5920ff80-6635-11f0-8157-83c241bc6c35,7700 ,7700 , - ,
아제발,7700 ,7700 , - ,
5b938da0-6239-11f0-b2ed-bb90d5f20a4a,194700 ,194700 , - ,
신정보,194700 ,194700 , - ,
5c631c70-6417-11f0-bcbf-2b7f0b4e55b1,314600 ,314600 , - ,
구독자,314600 ,314600 , - ,
5cd215d0-6462-11f0-baaf-45c3a00048ee,201300 ,201300 , - ,
현쪄깅,201300 ,201300 , - ,
5dcaeff0-64be-11f0-bc9c-890ea1331a86,23100 ,23100 , - ,
비발디,23100 ,23100 , - ,
5e310a71-65df-11f0-ade4-c716e9fb5ed5,89100 ,89100 , - ,
수라드,89100 ,89100 , - ,
5e4ff260-6606-11f0-8cbe-319b644384b7,264000 ,264000 , - ,
남연우,264000 ,264000 , - ,
5e597fc0-63cb-11f0-aab1-5f3bbe175c3e,7700 ,7700 , - ,
짱단지,7700 ,7700 , - ,
5ebbd2d0-6301-11f0-bfc1-67350970f51b,72600 ,72600 , - ,
구자윤,72600 ,72600 , - ,
604caee0-6e2c-11f0-85e6-cfac77f34799,7700 ,7700 , - ,
용안,7700 ,7700 , - ,
6177e6c0-8549-11f0-8a9f-433357b04317,876700 ,876700 , - ,
미괴,876700 ,876700 , - ,
620f0270-6272-11f0-b63f-7755b72aa50f,737000 ,737000 , - ,
쮸니,737000 ,737000 , - ,
6286def0-65fe-11f0-804e-c557b5379eb6,47300 ,47300 , - ,
송학림,47300 ,47300 , - ,
636fa750-6448-11f0-9230-ab77de340b9d,1353000 ,1353000 , - ,
껸네,1353000 ,1353000 , - ,
642b8390-6ed8-11f0-bf91-e16dc1098301,7700 ,7700 , - ,
미쓔아,7700 ,7700 , - ,
64a5f100-6593-11f0-8be9-7bc4b954113d,27500 ,27500 , - ,
치킨조아,27500 ,27500 , - ,
658596a0-6617-11f0-98c0-d9f4fe5058f5,160600 ,160600 , - ,
세종더그레잇,160600 ,160600 , - ,
664a8b40-9cf4-11f0-bd71-f507a97ee196,455400 ,455400 , - ,
우라이자강,455400 ,455400 , - ,
66ad3bf0-7819-11f0-8355-91a21b7092d6,5516500 ,5516500 , - ,
슬2,5516500 ,5516500 , - ,
674a2c00-6601-11f0-a41e-0df3579756f2,177100 ,177100 , - ,
투명슬라임,177100 ,177100 , - ,
67527bb0-7c42-11f0-8260-73acdc5589ae,7700 ,7700 , - ,
청록색나무,7700 ,7700 , - ,
679ddbe0-6eb5-11f0-8c43-31b255b89fdd,47300 ,47300 , - ,
펜뷰,47300 ,47300 , - ,
67d9edb0-744b-11f0-ada6-cf271026470a,170500 ,170500 , - ,
매혹,170500 ,170500 , - ,
68298e80-8d1c-11f0-9002-8b470f27496c,1018600 ,1018600 , - ,
임나영,1018600 ,1018600 , - ,
684109b0-6441-11f0-bb35-df6429295e24,40700 ,40700 , - ,
코코루,40700 ,40700 , - ,
6880c220-6ae1-11f0-887f-c18cdf79257d,180400 ,180400 , - ,
조선이도,180400 ,180400 , - ,
68d3bb90-7be1-11f0-9ea4-1f8decb3c5f5,539000 ,539000 , - ,
쿠쮜,539000 ,539000 , - ,
68dc1c10-67c1-11f0-ac79-bd0f37322c34,62700 ,62700 , - ,
무식한놈,62700 ,62700 , - ,
69499d20-7c08-11f0-98e3-eb6b6c6d4787,3737800 ,3737800 , - ,
Hotal,3737800 ,3737800 , - ,
69fe7e10-6476-11f0-9e27-35530581f5ae,27500 ,27500 , - ,
용용비트,27500 ,27500 , - ,
6a129ac0-6454-11f0-9a7f-07d3d9b1e362,935000 ,935000 , - ,
화염방구,935000 ,935000 , - ,
6adb8521-926c-11f0-90a8-c9d769cb1c07,1369500 ,1369500 , - ,
구한,1369500 ,1369500 , - ,
6d167150-65c7-11f0-b5ae-9f72a71a5588,7700 ,7700 , - ,
김순돌,7700 ,7700 , - ,
6e6bafc1-7049-11f0-9100-890f54ac73b3,188100 ,188100 , - ,
아모르,188100 ,188100 , - ,
6f15a480-73f0-11f0-b28e-f781f30f4b6d,155100 ,155100 , - ,
레고77,155100 ,155100 , - ,
6ff63490-7fe5-11f0-9d2e-2908b0087e90,2709300 ,2709300 , - ,
고대문명,2709300 ,2709300 , - ,
709daae0-64d8-11f0-920f-d9bd8a2a820c,7700 ,7700 , - ,
Toc,7700 ,7700 , - ,
71031330-6feb-11f0-ae00-37046c89f35a,514800 ,514800 , - ,
푸르른달,514800 ,514800 , - ,
71081d60-733a-11f0-90e2-0990da1bb98f,720500 ,720500 , - ,
자냔민,720500 ,720500 , - ,
돈스,3098700 ,3098700 , - ,
쵸돈단스,2988700 ,2988700 , - ,
72ea4a70-629d-11f0-bbfa-65e8ef5c7ef9,51700 ,51700 , - ,
쿵쿵이,51700 ,51700 , - ,
748c9210-6a9b-11f0-b350-274e47244e62,1117600 ,1117600 , - ,
Realize,1117600 ,1117600 , - ,
75a68ac0-96d3-11f0-8fc9-9783f0da5eae,557700 ,557700 , - ,
아누리,557700 ,557700 , - ,
76080ea0-6431-11f0-b895-d750b0653929,2047100 ,2047100 , - ,
개근남,2047100 ,2047100 , - ,
77ac6af0-62e0-11f0-8f11-77dd1d282e8c,7700 ,7700 , - ,
qwer999,7700 ,7700 , - ,
77db8f80-8485-11f0-86fe-a15188039afc,578600 ,578600 , - ,
마살수,578600 ,578600 , - ,
79295fe0-69e4-11f0-83c1-071402a58f9d,27500 ,27500 , - ,
헤모,27500 ,27500 , - ,
7ac2f5b0-63d0-11f0-8ce7-05e1fc9cefd2,7700 ,7700 , - ,
퇴근후취미,7700 ,7700 , - ,
7f640110-634c-11f0-a70b-97528033efd5,123200 ,123200 , - ,
5456486,123200 ,123200 , - ,
7fad7460-6213-11f0-9813-b7579b20c221,33000 ,33000 , - ,
페코,33000 ,33000 , - ,
7fd7db20-69e7-11f0-87cd-13cc90e29527,127600 ,127600 , - ,
유케이,127600 ,127600 , - ,
810fd430-62bb-11f0-839f-d97137a128f6,367400 ,367400 , - ,
안티왕,367400 ,367400 , - ,
81893170-6c54-11f0-8009-99d4c032fe19,2326500 ,2326500 , - ,
둥근해,2326500 ,2326500 , - ,
81d7c6b0-691f-11f0-9163-9b37cd4f63ff,44000 ,44000 , - ,
기동대,44000 ,44000 , - ,
82267cf0-66f0-11f0-abbe-1b148ce1c918,227700 ,227700 , - ,
아키츠키,227700 ,227700 , - ,
82738560-63d8-11f0-9a87-810a40a679fa,727100 ,727100 , - ,
줸줸,727100 ,727100 , - ,
85d548f0-6262-11f0-97b4-198e3a6088ef,159500 ,159500 , - ,
우치하이타치,159500 ,159500 , - ,
8787f120-8b16-11f0-8ca3-ef1d1d3a6d17,355300 ,355300 , - ,
백두호랑,355300 ,355300 , - ,
8880d760-784f-11f0-9add-d96d132dbab8,123200 ,123200 , - ,
미얄,123200 ,123200 , - ,
8a93cab0-62cb-11f0-a655-3f20d48333c3,7700 ,7700 , - ,
이별,7700 ,7700 , - ,
8af04370-6e0c-11f0-81df-cbcc25545732,478500 ,478500 , - ,
오쭌쭌이,478500 ,478500 , - ,
8b7e8740-690a-11f0-ba60-039ed42b2da7,7700 ,7700 , - ,
스토리,7700 ,7700 , - ,
8bbe5a50-6955-11f0-9f3a-d936e3ed6e3a,4539700 ,4539700 , - ,
가을빛달,4539700 ,4539700 , - ,
8e9e9f50-799a-11f0-a997-ef28d2e66d95,308000 ,308000 , - ,
모라동박성빈,308000 ,308000 , - ,
8f4de400-6834-11f0-85d3-35119cf353c8,7700 ,7700 , - ,
무락카,7700 ,7700 , - ,
8f53ec40-64b7-11f0-a2c0-87ada2bfe11c,7700 ,7700 , - ,
시그,7700 ,7700 , - ,
901a58a0-7130-11f0-be9e-f1d40305eae6,429000 ,429000 , - ,
르무르,429000 ,429000 , - ,
9195e8b0-727b-11f0-8216-5de659323c9c,150700 ,150700 , - ,
더블율,150700 ,150700 , - ,
93888ca0-6a46-11f0-b7a5-333dfc345c53,27500 ,27500 , - ,
디에이드,27500 ,27500 , - ,
95ab3cf0-6882-11f0-ab07-e362b72773e2,7700 ,7700 , - ,
홍월이,7700 ,7700 , - ,
96443bd0-61e3-11f0-a92b-d5d01d6ffba8,55000 ,55000 , - ,
골덕,55000 ,55000 , - ,
977b7ae0-6a08-11f0-87cd-13cc90e29527,41800 ,41800 , - ,
아치발,41800 ,41800 , - ,
97fc4b50-6631-11f0-b76d-8163b25ea404,259600 ,259600 , - ,
아기왕자,259600 ,259600 , - ,
983fb180-6242-11f0-9c23-457fcdeb3714,29700 ,29700 , - ,
Zaru,29700 ,29700 , - ,
98728670-6565-11f0-83d0-9b3d85ec502b,606100 ,606100 , - ,
막내키키,606100 ,606100 , - ,
987da7e0-6492-11f0-bbfe-0d14bcd852b5,3033800 ,3033800 , - ,
쟁요,3033800 ,3033800 , - ,
98afe4a0-6e18-11f0-8d77-15b6e28cd240,11000 ,11000 , - ,
천망,11000 ,11000 , - ,
9b2c90d0-657a-11f0-9744-4972db654943,7700 ,7700 , - ,
엄블리,7700 ,7700 , - ,
9bf93210-6eae-11f0-8c43-31b255b89fdd,7700 ,7700 , - ,
귀여운두더지,7700 ,7700 , - ,
9c01bce0-6392-11f0-929e-756b01201a20,7700 ,7700 , - ,
샥련,7700 ,7700 , - ,
9c2ba810-7793-11f0-ba4d-9324809a5381,106700 ,106700 , - ,
마들역,106700 ,106700 , - ,
9d776b40-6998-11f0-8b3f-73b93d01f6b0,117700 ,117700 , - ,
난망고다,117700 ,117700 , - ,
9e48a090-692d-11f0-bd01-4f9a91cb3d54,42900 ,42900 , - ,
윤이나,42900 ,42900 , - ,
9ec7de00-9182-11f0-a0cc-3d44403adea3,3219700 ,3219700 , - ,
노코,3219700 ,3219700 , - ,
9f7f1a40-6868-11f0-9791-b9bcb3a2d4df,432300 ,432300 , - ,
aurora,432300 ,432300 , - ,
a01b0b30-653e-11f0-bf88-f5c7f77ee584,56100 ,56100 , - ,
깔루아밀크,56100 ,56100 , - ,
a021aae0-66ff-11f0-a25c-47a5a693b30a,1997600 ,1997600 , - ,
킴혀노,1997600 ,1997600 , - ,
a15f19c0-a290-11f0-a689-9dd2079daeff,2207700 ,2207700 , - ,
눈물자리,2207700 ,2207700 , - ,
a1b6f9a0-6c1d-11f0-98cb-9992c3b823e7,52800 ,52800 , - ,
쵸기,52800 ,52800 , - ,
a26897c0-6509-11f0-ada0-5d42ab9007c0,100100 ,100100 , - ,
안산한량,100100 ,100100 , - ,
a2e20820-712b-11f0-82ad-7f0dbdaee8ff,7700 ,7700 , - ,
호치파파,7700 ,7700 , - ,
a5291e10-7401-11f0-aa4e-e11c1873bc42,55000 ,55000 , - ,
붉은눈,55000 ,55000 , - ,
a53777d0-645c-11f0-934d-3b333a678e8e,7700 ,7700 , - ,
Pisces,7700 ,7700 , - ,
a632eeb0-6855-11f0-9187-bfb76cd46158,7700 ,7700 , - ,
리오넬맹기,7700 ,7700 , - ,
a8a137b0-6404-11f0-a3ab-515b7dbdbb4f,2460700 ,2460700 , - ,
juseho,2460700 ,2460700 , - ,
a9ebafd0-6c59-11f0-bdaa-ad27fd640cb0,377300 ,377300 , - ,
초인고양이,377300 ,377300 , - ,
aa4af1c0-67c2-11f0-ad06-bdc4c662d62f,786500 ,786500 , - ,
쿠쿵,786500 ,786500 , - ,
aa90ef50-675d-11f0-b418-83c133a430b5,199100 ,199100 , - ,
행수,199100 ,199100 , - ,
aacd54e0-6514-11f0-8799-a56030339d38,7700 ,7700 , - ,
게으름주의,7700 ,7700 , - ,
abd22e10-621c-11f0-bbfd-8564365ef7ff,437800 ,437800 , - ,
만마앙복,437800 ,437800 , - ,
ac69af90-643f-11f0-a17e-b17c10bc01ed,353100 ,353100 , - ,
송송송,353100 ,353100 , - ,
ad6125e0-6566-11f0-95fc-7353977bac62,590700 ,590700 , - ,
규링,590700 ,590700 , - ,
ae1c2860-652d-11f0-a768-59219107ad21,7700 ,7700 , - ,
지금여기,7700 ,7700 , - ,
af1cc580-6a7d-11f0-b7a5-333dfc345c53,3336300 ,3336300 , - ,
창사마,3336300 ,3336300 , - ,
af3bb3b0-6752-11f0-a3b5-cb7d513a283d,815100 ,815100 , - ,
여름이니까,815100 ,815100 , - ,
b1356760-677f-11f0-bf08-6be28b2f5825,7700 ,7700 , - ,
대니팬텀,7700 ,7700 , - ,
b14b2550-685b-11f0-a0aa-19dfe4aabc8b,7700 ,7700 , - ,
도호,7700 ,7700 , - ,
b19a1590-7254-11f0-89e7-df11ac126d22,1998700 ,1998700 , - ,
일본인,1998700 ,1998700 , - ,
b1f7f050-670c-11f0-8af5-3f1547199bbf,940500 ,940500 , - ,
장수척준경,940500 ,940500 , - ,
b28827f0-6e97-11f0-9a77-0509129a3f56,27500 ,27500 , - ,
모사불라,27500 ,27500 , - ,
b43d24d0-7061-11f0-a1c8-19759bc461ed,644600 ,644600 , - ,
김루팡,644600 ,644600 , - ,
b571e650-69f5-11f0-87cd-13cc90e29527,507100 ,507100 , - ,
정동인,507100 ,507100 , - ,
b58036d0-714b-11f0-8b7d-bdccf5ecfc5a,322300 ,322300 , - ,
샤오위,322300 ,322300 , - ,
b6185eb0-801e-11f0-9d38-5b332582c2a3,403700 ,403700 , - ,
raonao,403700 ,403700 , - ,
b6295d40-6936-11f0-b6fc-63016576bc70,172700 ,172700 , - ,
신혜공주,172700 ,172700 , - ,
b66dda90-7ed2-11f0-98e6-bde6a82ad71d,304700 ,304700 , - ,
밤벌레,304700 ,304700 , - ,
b7dce1e0-7956-11f0-aa26-854814d2944e,645700 ,645700 , - ,
밥밥,645700 ,645700 , - ,
b820d370-9baa-11f0-bfbd-479d29c54ab8,1339800 ,1339800 , - ,
태사랑,1339800 ,1339800 , - ,
ba409e10-7409-11f0-a4d8-ad3ce8d2a042,58300 ,58300 , - ,
최민기,58300 ,58300 , - ,
ba462fc0-6418-11f0-83ae-cb0d7c1d5c99,7700 ,7700 , - ,
희망아빠,7700 ,7700 , - ,
ba7272d0-64bb-11f0-a475-093604a1564e,94600 ,94600 , - ,
Sora,94600 ,94600 , - ,
ba9df190-67da-11f0-ab85-2f8ac855d894,113300 ,113300 , - ,
랴니,113300 ,113300 , - ,
bb9356e0-6c34-11f0-948b-913c7c2d582b,11667700 ,11667700 , - ,
암부,11667700 ,11667700 , - ,
bbe4fd80-6269-11f0-b63f-7755b72aa50f,3418800 ,3418800 , - ,
덕풍동시라소니,3418800 ,3418800 , - ,
bd8925a0-6cf3-11f0-a87f-b3ba9822d572,7700 ,7700 , - ,
옆집빡구,7700 ,7700 , - ,
bf148330-8281-11f0-a0c4-ff6647d33e7e,2519000 ,2519000 , - ,
태율태양,2519000 ,2519000 , - ,
bf56d570-6ecf-11f0-b158-8f32e7d4479a,350900 ,350900 , - ,
최무사,350900 ,350900 , - ,
c1058a50-6a02-11f0-9ccf-efc03aeeda2b,499400 ,499400 , - ,
yad,499400 ,499400 , - ,
c1c1a4a0-7124-11f0-854b-915b019f2872,1326600 ,1326600 , - ,
chemma,1326600 ,1326600 , - ,
c1d7ebe0-991d-11f0-9d55-b5352178ee32,645700 ,645700 , - ,
inter,645700 ,645700 , - ,
c23b94a0-777c-11f0-84e7-c5188728752f,1789700 ,1789700 , - ,
고슬,1789700 ,1789700 , - ,
c2778e20-64a2-11f0-9c5a-4d7fccdae4d8,25300 ,25300 , - ,
믹스넛스낵,25300 ,25300 , - ,
c27f9540-73c8-11f0-9772-538e9579620a,11000 ,11000 , - ,
재헌,11000 ,11000 , - ,
c29d2940-695d-11f0-9c6c-658573885763,172700 ,172700 , - ,
KENZO,172700 ,172700 , - ,
c387f0f0-775f-11f0-945d-1dca5632d23b,7700 ,7700 , - ,
또뚜디,7700 ,7700 , - ,
c3c47f20-61f2-11f0-9e54-f5b20913bba4,2482700 ,2482700 , - ,
대머리강서구,2482700 ,2482700 , - ,
c4465a70-62d0-11f0-a53e-f720860fcc8a,476300 ,476300 , - ,
황장우,476300 ,476300 , - ,
c592a2a0-6788-11f0-8310-8370146853a0,790900 ,790900 , - ,
난포기,790900 ,790900 , - ,
c5fb0c31-6208-11f0-980a-396801ba63e1,93500 ,93500 , - ,
시인아이,93500 ,93500 , - ,
c6d3f590-6dc5-11f0-bca4-23c72ea5e3de,7700 ,7700 , - ,
cozy,7700 ,7700 , - ,
c968c970-620d-11f0-95d2-33c2bc31b4d0,7700 ,7700 , - ,
맹맹,7700 ,7700 , - ,
c9d9adb0-6e84-11f0-b158-8f32e7d4479a,368500 ,368500 , - ,
담다미,368500 ,368500 , - ,
c9f49010-624c-11f0-a510-196fe281bbd0,385000 ,385000 , - ,
닝기밍,385000 ,385000 , - ,
cda66fe0-6a20-11f0-81d8-d75e58d916af,203500 ,203500 , - ,
고공이,203500 ,203500 , - ,
cdb50dd0-7771-11f0-ba4d-9324809a5381,918500 ,918500 , - ,
낭강,918500 ,918500 , - ,
cdeed560-6d53-11f0-9718-a1d3d1d51c27,2257200 ,2257200 , - ,
이야이,2257200 ,2257200 , - ,
cdfc51a0-74a0-11f0-bcd5-9503f289fcca,1161600 ,1161600 , - ,
아무뭉,1161600 ,1161600 , - ,
ce731f90-639a-11f0-929e-756b01201a20,194700 ,194700 , - ,
재아님,194700 ,194700 , - ,
cf10f670-624b-11f0-a510-196fe281bbd0,11000 ,11000 , - ,
밤두가,11000 ,11000 , - ,
cf8b69d1-682e-11f0-abda-dba09b3dfba0,31900 ,31900 , - ,
개패는처녀,31900 ,31900 , - ,
d008f9e0-6a81-11f0-8032-c32c225a07c5,470800 ,470800 , - ,
줏태,470800 ,470800 , - ,
d06a37e0-6c9e-11f0-bf20-0950605175eb,62700 ,62700 , - ,
ENS,62700 ,62700 , - ,
d078b610-6246-11f0-9c23-457fcdeb3714,40700 ,40700 , - ,
하룻밤십만원,40700 ,40700 , - ,
d2ace080-647d-11f0-bb5e-79bc0c4c5953,1844700 ,1844700 , - ,
신펜,1844700 ,1844700 , - ,
d4545c90-6fce-11f0-bec6-09530b7399e6,7700 ,7700 , - ,
초니,7700 ,7700 , - ,
d4bafc10-63e5-11f0-89c3-81bc4ed5aa4e,1118700 ,1118700 , - ,
키드,1118700 ,1118700 , - ,
d4f2a0a0-6513-11f0-998d-6361b2224259,40700 ,40700 , - ,
하리보소주맛,40700 ,40700 , - ,
d57fab70-63c0-11f0-b6ab-ab1d57efd9b6,1734700 ,1734700 , - ,
유태,1734700 ,1734700 , - ,
d67ac9a0-62d6-11f0-a655-3f20d48333c3,3561800 ,3561800 , - ,
은월랑,3561800 ,3561800 , - ,
d79145d0-639e-11f0-b218-57e8388ada3f,62700 ,62700 , - ,
샹이,62700 ,62700 , - ,
d9179890-69fd-11f0-9ccf-efc03aeeda2b,185900 ,185900 , - ,
에삐핑,185900 ,185900 , - ,
d9d3ccf0-6308-11f0-b974-4ba43f735b03,31900 ,31900 , - ,
싸우전드,31900 ,31900 , - ,
db13fa80-647b-11f0-9219-f9e5d8ffaccf,174900 ,174900 , - ,
GaDo,174900 ,174900 , - ,
dc140ed0-660f-11f0-a41e-0df3579756f2,7700 ,7700 , - ,
뇽뇽이,7700 ,7700 , - ,
de08e760-6777-11f0-a4ec-690d7582a6d9,7700 ,7700 , - ,
안양초불주먹,7700 ,7700 , - ,
de1bc6b0-6604-11f0-b420-973bd54af871,2398000 ,2398000 , - ,
베노미,2398000 ,2398000 , - ,
de4fa1a0-6538-11f0-a7a2-1dbf387388d6,532400 ,532400 , - ,
광따,532400 ,532400 , - ,
deab5260-67fa-11f0-a89c-59b4d27efb99,7700 ,7700 , - ,
천제국왕,7700 ,7700 , - ,
deb2e0e0-6915-11f0-a72d-f3190f62faf5,334400 ,334400 , - ,
이지대장,334400 ,334400 , - ,
df3137a0-66af-11f0-9e29-bb739ed9109b,51700 ,51700 , - ,
흐물이,51700 ,51700 , - ,
df8ec9a0-6a20-11f0-9ccf-efc03aeeda2b,754600 ,754600 , - ,
선학,754600 ,754600 , - ,
e043d360-669f-11f0-850c-5560f809d922,7700 ,7700 , - ,
난세영웅임,7700 ,7700 , - ,
e046de60-7118-11f0-a2a7-91b28ed640aa,612700 ,612700 , - ,
짱주숭,612700 ,612700 , - ,
e05a4eb0-a402-11f0-939a-d1b8123d1605,2214300 ,2214300 , - ,
갓성,2214300 ,2214300 , - ,
e1368ea0-66dd-11f0-a922-e1df12a2f373,365200 ,365200 , - ,
파대,365200 ,365200 , - ,
e2dc2f90-96c5-11f0-8966-434b11639c6a,1859000 ,1859000 , - ,
고애신,1859000 ,1859000 , - ,
e32858e0-8b42-11f0-872e-154cc138d0ee,3306600 ,3306600 , - ,
정욱,3306600 ,3306600 , - ,
e334e480-650d-11f0-998d-6361b2224259,50600 ,50600 , - ,
dongsmas,50600 ,50600 , - ,
e36bf560-6652-11f0-8bf6-afeec62e00c0,7700 ,7700 , - ,
리듬왕,7700 ,7700 , - ,
e583bc00-723e-11f0-aa1a-61be604569c4,702900 ,702900 , - ,
조조3,702900 ,702900 , - ,
e5a365f0-6c80-11f0-b06f-1bb3858adc4b,68200 ,68200 , - ,
문순우,68200 ,68200 , - ,
e6236af0-6f6b-11f0-ac43-e97313d2b0eb,7700 ,7700 , - ,
유진버프,7700 ,7700 , - ,
e69e3ad0-63e7-11f0-a174-2f03cd9ae07c,7700 ,7700 , - ,
운빨존망,7700 ,7700 , - ,
e6c03db0-64d7-11f0-846f-13edae8f7606,66000 ,66000 , - ,
신선놀음,66000 ,66000 , - ,
e8b1bfe0-6397-11f0-9e16-f1cd993522e6,152900 ,152900 , - ,
세이러브,152900 ,152900 , - ,
e96d5910-6808-11f0-9069-eb268d57af69,394900 ,394900 , - ,
주현짱,394900 ,394900 , - ,
e9c389b0-7a6f-11f0-8284-338f4da53908,907500 ,907500 , - ,
DeerPoro,907500 ,907500 , - ,
eb6ceb70-639b-11f0-929e-756b01201a20,13200 ,13200 , - ,
25월즈파엠쵸비,13200 ,13200 , - ,
ebc09320-62be-11f0-b038-1df969c0d9a5,201300 ,201300 , - ,
십정동꿀주먹,201300 ,201300 , - ,
ec19b6e0-72e9-11f0-a538-1baeb85cb83e,40700 ,40700 , - ,
에딘,40700 ,40700 , - ,
ec86c130-649e-11f0-ac20-8734dac19833,1056000 ,1056000 , - ,
대명,1056000 ,1056000 , - ,
edc59800-6318-11f0-a67a-173fdcafaabc,352000 ,352000 , - ,
마갈곤,352000 ,352000 , - ,
ee32e400-6e35-11f0-af71-f79f3ecdf286,165000 ,165000 , - ,
치티,165000 ,165000 , - ,
eef40a70-6aae-11f0-aa73-c544fd48d310,58300 ,58300 , - ,
제이엠,58300 ,58300 , - ,
ef04ff20-68a5-11f0-b186-afce3bc6e21f,102300 ,102300 , - ,
앙씨,102300 ,102300 , - ,
ef36b910-61f8-11f0-8f57-d38927707cf0,1498200 ,1498200 , - ,
김승원,1498200 ,1498200 , - ,
ef4af740-619e-11f0-a1d0-915190c5d2fa,280500 ,280500 , - ,
마캔,280500 ,280500 , - ,
efc29d40-63d8-11f0-a9da-8b915b889dd4,27500 ,27500 , - ,
홀로핑,27500 ,27500 , - ,
f0e51510-6bab-11f0-8ba9-afce5a8231c3,1672000 ,1672000 , - ,
밥이,1672000 ,1672000 , - ,
f1ae2940-7813-11f0-90f9-1d9fc0abe9e4,80300 ,80300 , - ,
오이현구,80300 ,80300 , - ,
f1aefc30-6873-11f0-aca5-dd14f89ea4c2,376200 ,376200 , - ,
아돌이,376200 ,376200 , - ,
f1e61440-64ae-11f0-a8b2-13458b8aee05,7700 ,7700 , - ,
개꿀한방,7700 ,7700 , - ,
f223e1b0-6f50-11f0-8c08-852bd1d4c788,100100 ,100100 , - ,
ni따위가,100100 ,100100 , - ,
f22c3b60-62f5-11f0-b7c2-5907d7ac5d60,302500 ,302500 , - ,
지냥,302500 ,302500 , - ,
f3952d40-7c3b-11f0-b261-596b45603cca,1262800 ,1262800 , - ,
마카다미,1262800 ,1262800 , - ,
f39b7070-6371-11f0-a70b-97528033efd5,7700 ,7700 , - ,
홍길동이,7700 ,7700 , - ,
f5505550-7278-11f0-9065-21ca77a00b59,305800 ,305800 , - ,
젤이쁜울아덜,305800 ,305800 , - ,
f6059820-646d-11f0-9929-49fcfc223a08,220000 ,220000 , - ,
비스트롱,220000 ,220000 , - ,
f690c0c0-72c9-11f0-ab9b-9fe0d2276b24,14300 ,14300 , - ,
아무거다,14300 ,14300 , - ,
f763f4b0-6fa7-11f0-846f-17143172b206,366300 ,366300 , - ,
승질승,366300 ,366300 , - ,
f81d3f80-63a7-11f0-a110-bf1368febfaf,7700 ,7700 , - ,
도야수,7700 ,7700 , - ,
f864d2a0-6361-11f0-ba6d-31d76c70e10b,68200 ,68200 , - ,
대칭,68200 ,68200 , - ,
fbe71fc0-683c-11f0-8349-bdc8a6bf6522,315700 ,315700 , - ,
애쁠,315700 ,315700 , - ,
fcab4730-6aba-11f0-97f1-7fc07927d956,34100 ,34100 , - ,
양현,34100 ,34100 , - ,
fd755270-646e-11f0-9929-49fcfc223a08,185900 ,185900 , - ,
삐롱이,185900 ,185900 , - ,
ff2c8890-631f-11f0-b4da-37de076ab8f7,251900 ,251900 , - ,
방랑검객,251900 ,251900 , - ,
ffc60100-63f1-11f0-89c3-81bc4ed5aa4e,14300 ,14300 , - ,
뉴진스해린,14300 ,14300 , - ,
