순위,UUID,닉네임,점수,추가 항목,,,,,,,,,,,,,,,,,,,,,
1,d5d6d240-a388-11ef-9971-a56dbdfe8f59,튜토리얼,11054,5822100원,2025-11-14 7:17,12,24,24,24,24,20,11,8,7,8,7,0,0,12.566T,800,800,653,0a100,0a290.5,1540
2,4337c5e0-7e65-11ef-8518-5fedfc5cfa32,동행,11050,6031200원,2025-11-30 1:05,12,24,24,24,24,20,8,8,7,8,7,0,0,9.242T,800,800,597,0a100,0a299.5,1540
3,fa266380-807a-11ef-bd85-c334686e1c45,꿈쥐,11043,5727700원,2025-11-29 23:34,12,24,24,24,24,20,12,8,6,7,6,0,0,6.229T,800,800,524,0a100,0a286,1540
4,6454cfe0-807a-11ef-aa01-9d9eae32e1da,메두사,11028,5837700원,2025-11-29 15:28,12,24,24,24,24,20,12,8,6,8,4,0,0,2.949T,800,800,425,0a76,0a113,1540
5,54ac8250-9587-11ef-bae1-e99e5909ec5f,예슬아,11016,4464600원,2025-11-30 7:27,12,24,24,24,24,20,12,7,6,7,6,0,0,727.685S,800,800,568,0a100,0a271.4,1540
6,364023f0-7feb-11ef-907a-53cfb9749a97,3300원도아깝,11013,19451300원,2025-11-28 10:03,12,24,24,24,24,20,5,8,7,8,7,0,0,476.272S,800,800,450,0a100,0a228,1540
7,f543f970-8f90-11ef-94ed-cf6209089134,무과금의교과서,11010,11313400원,2025-11-29 9:38,12,24,24,24,24,20,7,8,5,7,5,0,0,1.777R,800,800,484,0a100,0a154,1540
8,6347f790-89ed-11ef-9fd7-779fb3cc927f,다산,10993,5540700원,2025-11-24 10:24,12,24,24,24,24,20,12,7,5,8,5,0,0,78.477S,650,650,459,0a63.2,0a136.1,1363
9,c4a47b30-7dae-11ef-9065-db7206b02bb0,별하,10915,21552500원,2025-11-28 8:30,12,24,23,24,23,20,2,7,7,7,7,0,0,294.237R,800,800,300,0a93.9,0a130.1,1540
10,c8263fa0-7d45-11ef-962b-ad2122108947,현타빌런흑천검,10866,15507500원,2025-10-02 1:51,11,24,18,24,18,20,3,9,8,8,8,0,0,8.965R,800,800,1a100,1a600,1540,
11,b6b10e20-b2bb-11ef-8b0b-3f0a6e303454,간짜장,10806,2539700원,2025-11-30 1:22,12,24,24,23,0,20,5,8,8,5,3,0,0,221.131Q,650,400,339,0a100,0a180,1461
12,cdf88df0-7f04-11ef-8518-5fedfc5cfa32,레벨업,10766,2068500원,2025-11-26 20:36,11,24,23,24,18,20,1,7,4,7,3,0,0,5.888Q,650,650,200,0a6.8,0a107,1410
13,2aa645b0-7e2e-11ef-a668-ef803883de71,그냥놀아,10739,704300원,2025-11-28 7:09,11,24,23,24,6,20,4,7,7,7,6,0,0,626.354P,650,650,277,0a18.1,0a108.7,1376
14,bbd1d9a0-8f81-11ef-841a-6dd0ed1a3d0e,뿡까,10738,443600원,2025-11-29 16:16,11,24,14,22,0,20,1,7,6,7,6,0,0,217.994P,715,800,250,0a100,0a176,1377
15,2318b310-80b2-11ef-bc75-d1cfe0c7ed4e,늪지,10728,623000원,2025-11-30 9:53,11,24,11,23,0,20,1,7,8,7,7,0,0,2.990O,650,800,250,0a85.8,0a117.6,1366
16,1b55cf60-ae06-11ef-9499-678aa71606e9,6638,10723,107800원,2025-11-26 11:40,11,24,17,22,0,18,0,8,3,7,0,0,0,867.178N,600,800,200,0a84.4,0a108.5,1364
17,f04aa580-8069-11ef-836b-0f6dfa26285a,알키오,10719,7700원,2025-11-30 0:09,11,24,11,23,0,19,0,8,7,7,7,0,0,132.655P,800,800,200,0a78.7,0a100,1362
18,ec2610d0-8063-11ef-baad-6992ac4cff27,미카엘,10709,17600원,2025-11-30 2:14,11,24,23,22,0,19,0,7,6,7,5,0,0,101.940P,650,800,200,0a65.3,0a131.2,1335
19,8aa0a270-7e3e-11ef-bd39-7ddaa3b45b16,희린,10708,629800원,2025-11-30 10:12,11,24,5,23,0,20,5,7,6,6,5,0,0,62.098P,800,800,388,0a51.6,0a101.3,1335
20,dce62360-7d45-11ef-96ad-3197f55f52cb,불사신,10707,574700원,2025-11-26 0:18,11,24,4,22,0,19,0,8,7,8,7,0,0,27.785P,800,800,200,0a87,0a100,1328
21,25d8ad60-7fb5-11ef-b2dd-7d95c0c44acb,칸나비스,10705,37500원,2025-11-24 8:25,11,24,10,22,0,20,0,8,5,7,3,0,0,60.959P,650,600,200,0a47,0a100.1,1332
22,2ecc38d0-7d56-11ef-b8d9-f715163409c3,Deep,10703,296000원,2025-11-24 19:05,11,24,21,23,0,20,0,7,6,7,6,0,0,46.356P,650,400,200,1a100,1a600,1312
23,d1de8990-7d76-11ef-aa83-d3b507ee170f,막내시로,10702,452600원,2025-11-29 0:21,11,24,12,24,0,19,0,7,5,7,6,0,0,14.010P,800,800,200,0a66.1,0a114,1328
24,ef155d41-823f-11ef-be13-15abd021136a,산나,10701,205200원,2025-11-29 1:20,11,24,11,24,1,19,0,7,5,7,5,0,0,22.773P,800,800,200,0a100,0a188.8,1328
25,c31d0350-7e1b-11ef-85ab-85fce8c366cb,다륜,10698,132000원,2025-11-29 11:13,11,24,5,23,0,20,0,7,4,7,3,0,0,21.565P,800,800,200,0a52.2,0a102.3,1324
26,7c45cc50-7e2a-11ef-9066-215fa3c8bdc9,철표,10692,1409800원,2025-11-22 10:39,11,24,15,23,0,19,0,7,5,5,5,0,0,17.507P,800,800,200,1a100,1a600,1323
27,dc6b9c30-7d45-11ef-b8c8-9f6e7b6da44c,아랍왕자,10688,5488000원,2025-11-15 0:28,11,24,24,24,5,20,10,7,7,6,4,0,0,61.338P,547,26,220,1a77.2,1a165.8,1243
28,b9f7f9f0-8493-11ef-a2cd-7f6f509a4b68,파인트뤼,10685,4334200원,2025-10-12 9:15,11,24,5,24,1,20,0,8,6,7,6,0,0,10.620P,800,800,1a100,1a600,1306,
29,b62c9e70-7d5e-11ef-a9d4-dda8dcb36c20,한지민,10684,48800원,2025-11-29 0:53,11,24,11,24,2,20,0,7,7,7,7,0,0,10.670P,650,650,200,0a90,0a110,1305
29,1ed928c0-7fae-11ef-a936-374466d1cf50,아이유인나,10684,685500원,2025-11-29 0:16,11,24,6,23,0,19,0,8,7,8,7,0,0,12.218P,800,800,0,1a100,1a600,1306
31,9c098650-824c-11ef-bd85-c334686e1c45,노을,10682,12100원,2025-11-29 21:23,11,24,5,24,0,18,0,8,7,8,7,0,0,4.306P,650,650,200,0a21,0a119,1301
32,79b779a0-8bba-11ef-89fd-4f3bb0ed4a1c,멍구천사,10680,135300원,2025-11-30 0:18,11,24,11,22,0,20,0,7,7,7,7,0,0,5.114P,650,600,200,0a100,0a188.5,1297
33,269dc7b0-a53c-11ef-829d-c9c06ee151c2,달이,10675,8800원,2025-11-28 6:52,11,24,23,23,0,20,1,7,5,7,5,0,0,10.092P,400,400,250,0a21,0a100,1292
34,9efd4180-7ff4-11ef-bc75-d1cfe0c7ed4e,다솔,10674,8800원,2025-11-29 7:32,11,24,5,23,0,19,0,8,6,7,6,0,0,2.520P,650,800,200,0a65,0a127,1289
35,849a3270-7d48-11ef-96ad-3197f55f52cb,요이땅,10673,89100원,2025-11-30 8:11,11,24,4,23,0,20,1,7,6,7,6,0,0,2.799P,650,800,200,0a55,0a100,1277
36,56d11d10-80ac-11ef-bcf8-6d57cb3f8a8a,나제,10671,658400원,2025-11-29 10:42,11,24,5,24,0,19,0,7,7,7,6,0,0,4.034P,800,800,200,0a50.7,0a164.3,1286
36,19a4e970-7d92-11ef-bb6e-4fa4fdcd99df,가야,10671,7700원,2025-11-29 0:31,11,24,24,24,2,20,3,6,6,6,6,0,0,4.015P,400,400,270,0a24.3,0a109.9,1286
38,d65b92b0-8578-11ef-80cd-ddeb26e7809b,카오스,10669,36700원,2025-11-25 12:59,11,24,5,22,0,20,2,7,6,7,7,0,0,1.300P,650,437,300,0a58,0a100.9,1284
39,18d05120-bba8-11ef-ac5f-bb16b7366ddf,사이판마마,10667,35200원,2025-11-30 13:42,11,24,3,22,0,20,0,8,6,8,7,0,0,1.704P,200,800,200,1a100,1a600,1285
40,ec8efc40-7e28-11ef-a46a-b37baa41bc93,무케아빠,10663,31900원,2025-11-26 0:05,11,24,10,23,0,19,0,7,6,7,7,0,0,1.716P,800,800,200,0a75.7,0a112.1,1283
41,e610a8d0-967b-11ef-a7d8-057ee49c4332,큐브,10659,135300원,2025-11-30 9:44,11,24,5,23,0,20,0,7,7,7,7,0,0,2.540P,650,800,200,1a100,1a600,1280
42,9d276070-bb86-11ef-ac5f-bb16b7366ddf,복숭펭,10653,67100원,2025-11-30 8:10,11,24,0,23,0,18,0,7,1,7,1,0,0,761.340O,755,800,200,0a100,0a153.7,1264
43,6c5b8b60-8bf2-11ef-9b38-256cd5460584,전설방패,10651,512100원,2025-11-28 10:48,11,24,0,23,0,20,0,7,7,7,5,0,0,681.304O,800,800,200,1a100,1a600,1261
44,fd79dda0-7df0-11ef-aed1-ffc5ee7315d1,왕먹민,10649,40700원,2025-11-13 21:03,11,24,0,23,0,20,2,6,6,5,6,0,0,551.997O,800,800,300,0a62,0a100,1257
44,9fb421f0-b7b9-11ef-bdf6-b54447f8024e,후뭇후뭇후,10649,7700원,2025-11-26 8:43,11,24,16,23,0,20,1,7,7,6,6,0,0,769.877O,620,640,250,0a48,0a102.2,1254
44,6b48a900-91ca-11ef-8a21-338b8a97931f,개무능한운영진들,10649,63800원,2025-11-25 12:18,11,24,11,24,0,20,3,7,7,7,7,0,0,586.628O,610,610,304,1a100,1a600,1248
47,5c586b20-87ba-11ef-af5b-a5d4dcb2ab1d,만주,10644,17600원,2025-11-27 18:08,11,24,17,23,0,19,0,7,5,6,2,0,0,595.991O,800,800,200,1a100,1a600,1198
48,bf67ac40-7d46-11ef-b8c8-9f6e7b6da44c,국민병정,10643,584100원,2025-11-28 10:49,11,23,0,22,0,20,3,5,4,5,4,0,0,168.719O,700,700,350,0a71,0a101,1246
48,83e6ad30-8e9c-11ef-beb1-1511436f6497,트랜드,10643,7700원,2025-11-28 21:39,11,24,11,23,0,20,1,7,5,7,5,0,0,541.464O,540,600,250,1a100,1a439.5,1211
50,adbe5060-9539-11ef-85fd-3be389c091b8,쉬폭,10641,37400원,2025-11-24 19:26,11,24,9,22,0,19,0,7,7,7,6,0,0,490.542O,650,800,200,1a100,1a600,1249
51,b25f8310-7e1d-11ef-940d-979db9b8b83a,적안,10640,2326400원,2025-11-27 6:22,11,24,5,23,0,19,0,7,6,6,6,0,0,304.429O,650,800,200,0a76.2,0a100,1249
52,10bb10b0-820f-11ef-be13-15abd021136a,권준,10637,38500원,2025-11-28 22:22,11,24,10,22,0,20,0,5,3,5,5,0,0,172.136O,650,600,200,1a100,1a600,1246
53,1fe82a80-bac4-11ef-a67d-49a5aacc120f,사신뢰검,10634,31900원,2025-11-29 17:48,11,24,3,23,0,20,5,8,5,7,5,0,0,416.241O,650,400,344,0a48,0a134,1243
54,4cdb9120-82ee-11ef-b9ad-c95d2550c405,케켕,10632,7700원,2025-11-25 12:15,11,24,11,23,0,19,0,7,5,7,7,0,0,304.820O,650,600,200,0a35.4,0a100.2,1214
55,b23680b0-ae14-11ef-91e8-a3d5f338bca3,김슬기,10627,324800원,2025-11-28 7:21,11,24,11,24,13,20,3,5,4,3,3,0,0,182.387O,400,400,308,0a73.8,0a100,1228
56,d19997b0-b0c3-11ef-a286-29921a7fb1c0,수가,10626,48400원,2025-11-29 4:35,11,24,2,24,0,19,0,7,7,7,7,0,0,45.467O,675,675,200,1a100,1a600,1226
57,790b2be0-7d47-11ef-9afc-df866259cb8e,해요,10624,45100원,2025-11-27 20:30,11,24,5,23,0,19,0,6,6,6,5,0,0,77.622O,800,800,200,1a100,1a600,1227
58,3eddab40-854f-11ef-80cd-ddeb26e7809b,Nia,10622,7700원,2025-11-28 19:48,11,24,5,24,4,20,2,6,6,6,6,0,0,124.842O,650,650,300,0a73,0a100,1199
59,53df96c0-7d5c-11ef-80a7-d5c490a34fc1,모자쓴나그네,10620,7700원,2025-11-29 10:00,11,24,5,21,0,19,0,8,6,7,6,0,0,16.948N,800,800,200,0a30,0a102,1219
60,ada972f0-7fbb-11ef-b768-6342da98924b,불타는환타,10616,11000원,2025-11-16 12:21,11,24,18,23,0,18,0,6,5,6,5,0,0,79.925O,650,800,200,1a100,1a600,1214
61,82681920-801a-11ef-addf-0faf8ba860ac,실타래,10613,69300원,2025-11-30 4:38,11,24,8,22,0,19,0,6,6,6,6,0,0,31.452O,800,800,200,0a80,0a107,1210
62,6867c900-91f2-11ef-8205-cb87711975ce,청청청,10608,7700원,2025-11-23 21:08,11,24,5,24,0,19,0,7,6,7,6,0,0,25.632O,800,800,200,0a13.4,0a101.7,1207
63,fe0bc930-7d47-11ef-9afc-df866259cb8e,산초울,10593,184900원,2025-11-28 23:52,10,23,0,23,0,19,0,7,5,5,6,0,0,19.078O,800,800,200,0a86.8,0a102.5,1184
64,3facc270-806a-11ef-907a-53cfb9749a97,미르님,10591,204600원,2025-11-29 2:41,10,24,1,23,0,19,0,7,3,7,4,0,0,4.472O,750,0,200,0a29,0a121,1173
65,43fea5b0-7e20-11ef-ba31-b77462138e24,담덕,10590,8800원,2025-11-29 9:26,10,24,5,23,0,20,0,5,6,6,5,0,0,2.741O,585,800,200,0a53.9,0a100.3,1177
66,da453dc0-aded-11ef-98ac-15adb4cdfb4d,동화야,10587,7700원,2025-11-28 0:48,10,24,6,22,0,19,0,6,5,7,5,0,0,3.193O,200,800,200,0a54.4,0a100.2,1174
67,8f7dcd20-b4c8-11ef-bdd3-e5ff23da30ec,우리집넘추워,10584,15400원,2025-11-30 1:20,10,24,5,23,0,19,0,6,6,5,5,0,0,4.383O,800,800,200,0a79.9,0a101.4,1172
68,bd2790d0-add9-11ef-93c1-f7bcb2e50e80,매루,10576,7700원,2025-11-17 7:20,10,24,11,22,0,19,0,7,7,6,6,0,0,1.643O,650,400,200,0a45.9,0a101.5,1166
69,1952df60-7d72-11ef-bd38-6b1421704eae,구미오,10575,7700원,2025-11-28 1:28,10,24,11,24,3,19,0,7,7,6,6,0,0,2.280O,650,650,200,1a100,1a600,1165
70,9cf4b731-7fbb-11ef-aaa0-195c7a818f01,불타는콜라,10573,11000원,2025-11-29 22:41,10,24,17,23,0,18,0,6,6,6,6,0,0,10.511O,650,800,200,1a100,1a600,1143
71,8199b480-8edf-11ef-b1be-f3f72ba09fb6,진수,10572,7700원,2025-10-31 0:30,10,23,0,21,0,19,0,7,5,6,5,0,0,0,800,800,0a25.4,0a117.4,1165,
72,63a7e6a0-ca7f-11ef-b3e4-cbb7b500108f,hyades,10570,8800원,2025-11-30 8:53,10,24,1,23,0,18,0,7,2,4,1,0,0,9.234M,800,800,200,0a24.5,0a124.4,1163
73,35d62890-7e6c-11ef-95d0-8d9f81e630bb,태제,10565,7700원,2025-11-29 1:00,10,24,10,23,0,20,3,6,6,5,5,0,0,792.634N,598,413,254,0a55.1,0a100,1146
74,0b1d3380-7e19-11ef-86b3-195a0e601df9,9955,10564,8800원,2025-11-17 19:19,10,24,18,22,0,20,1,5,5,5,5,0,0,1.342O,510,300,250,1a77.3,1a186.6,1148
75,304d0db0-8dc3-11ef-acd0-5dcea9b12264,하르크,10560,8800원,2025-11-29 1:30,10,24,0,21,0,18,0,7,5,6,5,0,0,527.342N,800,800,200,0a0.1,0a100,1141
76,e9c3f8f0-883a-11ef-b42a-db7918ab0991,먀오조각사,10555,28600원,2025-11-28 7:10,10,24,5,24,0,20,1,3,3,2,3,0,0,937.543N,600,525,250,0a40,0a100,1131
77,c558b300-b0d2-11ef-a87b-b5997a27d221,상용,10549,7700원,2025-11-30 3:23,10,23,0,23,0,18,0,5,5,5,5,0,0,302.615N,800,800,200,0a67,0a102,1128
77,91e53b90-9ea0-11ef-a97b-b34359985028,낀창섭,10549,1869000원,2025-11-29 15:20,10,24,5,24,2,20,0,7,7,0,0,0,0,540.688N,250,250,200,1a100,1a600,1127
77,89207590-d958-11ef-b87c-952aea98d58b,예압,10549,771800원,2025-11-29 9:42,10,23,0,23,0,18,0,8,4,6,4,0,0,428.826N,800,800,200,0a58.8,0a114.1,1127
80,a584d0c0-b421-11ef-b49d-f3e3914c00d7,뚱이2,10542,0원,2025-11-29 22:29,10,23,0,22,0,18,0,7,2,6,4,0,0,566.994N,800,800,200,0a32.7,0a100.1,1120
81,3c2d8d80-acae-11ef-9fa0-bb1555add548,고지주,10539,7700원,2025-11-27 11:17,10,24,2,23,0,19,0,6,6,6,6,0,0,246.932N,650,800,200,1a100,1a600,1123
82,8dcc9d20-7e82-11ef-b2ad-4f0218c06838,악귀강림,10536,49200원,2025-11-28 0:34,10,24,4,23,0,19,0,6,7,7,6,0,0,218.655N,650,800,200,0a20,0a100,1107
83,ea9cac80-d5e8-11ef-b9cc-bd1746b7b93e,왈라비g,10535,7700원,2025-11-27 14:55,10,24,5,23,0,20,0,6,6,6,6,0,0,47.949N,250,600,200,0a44,0a100,1103
83,cf653151-b7af-11ef-bdd3-e5ff23da30ec,볼빨간큐떱,10535,7700원,2025-11-24 5:16,10,24,7,23,0,20,3,7,7,6,6,0,0,174.722N,400,400,250,1a100,1a546.5,1108
85,83fd6710-b63c-11ef-8938-fd69c1d19549,송강,10534,8800원,2025-11-28 7:39,10,23,0,22,0,18,0,6,6,6,6,0,0,124.622N,800,800,0,1a100,1a600,1106
86,06256050-e06b-11ef-a624-21fbda48aafc,안돼처남,10533,29700원,2025-11-30 2:43,10,23,0,23,0,18,0,5,6,5,5,0,0,70.587N,800,800,200,0a20.4,0a101,1106
87,6d221ff0-af42-11ef-9440-957103c27048,코딱지대마왕,10530,8800원,2025-11-30 0:26,10,23,0,22,0,20,2,6,6,5,5,0,0,85.588N,780,303,270,1a99.9,1a183.8,1100
88,1f975560-bf38-11ef-8ca7-a18a028e948d,하데스님,10529,8800원,2025-11-24 18:26,10,24,5,23,0,19,0,5,5,0,3,0,0,76.215N,650,800,200,0a53,0a147.2,1097
89,c3c1cad0-91cf-11ef-a75f-a7e081a6a46c,바딩,10523,7700원,2025-11-01 9:03,10,24,11,22,0,20,2,5,5,5,5,0,0,119.998N,650,300,0a1,0a100,1092,
90,842fec70-7f4c-11ef-b5a8-07b4b9994f57,서기적,10517,202900원,2025-11-30 10:13,10,24,11,24,5,20,0,5,5,5,3,0,0,37.023N,600,600,200,0a8,0a113.9,1085
91,ed737330-d5e8-11ef-8837-235c25dfaf8b,알파카d,10515,7700원,2025-11-27 14:55,10,24,5,23,0,19,0,6,6,6,6,0,0,12.377N,250,600,200,0a44,0a100,1085
91,46547ef0-d156-11ef-99f4-737f0e742b95,아수라,10515,8800원,2025-11-26 20:00,10,23,0,24,0,20,2,6,6,6,6,0,0,26.780N,600,300,300,0a29.8,0a100,1083
93,198234e0-b3b9-11ef-a750-a748abb5e07c,걍쥐,10513,7700원,2025-11-15 11:22,10,24,11,24,3,18,0,5,4,5,4,0,0,48.406N,630,480,200,1a100,1a271,1083
94,fd50f330-b014-11ef-ac4e-75c8db92a109,찬스매니아,10511,7700원,2025-11-25 13:13,10,24,3,24,1,19,0,7,7,7,6,0,0,41.032N,600,600,200,0a7.9,0a100,1082
94,ac9d42f0-c760-11ef-ac07-0d7692e7b361,MSH,10511,8800원,2025-11-20 22:40,10,24,0,23,0,19,0,7,6,7,6,0,0,15.490N,650,800,200,0a20.3,0a100,1084
96,6f262ab0-e081-11ef-8fb1-67b2d1ca0129,나를따르라,10510,7700원,2025-11-29 1:16,10,24,6,23,0,20,1,5,6,6,5,0,0,17.310N,481,400,229,1a100,1a600,1080
97,bf0e3fb0-e0b1-11ef-92ee-7b3f29e20832,줴민이,10507,0원,2025-11-29 19:01,10,23,0,23,0,19,0,3,0,7,0,0,0,20.319N,800,405,200,0a57.1,0a100,1072
98,85b8c610-2763-11f0-b1b7-07a1d79b08bc,슌샤파파,10506,56100원,2025-11-27 6:36,10,24,0,21,0,17,0,7,5,6,5,0,0,7.147N,540,300,200,0a0.1,0a100,1072
99,ec9cd5b0-9523-11ef-85fd-3be389c091b8,기드,10501,7700원,2025-11-29 10:39,10,24,5,24,5,19,0,4,4,5,5,0,0,5.532N,650,650,200,0a24,0a111,1061
100,1dc050d0-ae34-11ef-9499-678aa71606e9,할로할로,10499,7700원,2025-11-29 19:12,10,23,0,21,0,20,0,7,7,5,6,0,0,10.316N,400,400,200,1a100,1a600,1056
101,a6dc62d0-e437-11ef-b319-d5615161e6d5,플라이마스,10496,7700원,2025-11-28 10:36,10,24,0,22,0,19,0,5,4,5,2,0,0,2.658N,492,800,200,0a15.2,0a100,1053
102,a179df90-6167-11f0-8247-e10178c3de1a,쿠빈,10489,2258300원,2025-11-27 21:28,10,24,5,24,2,20,0,2,5,3,0,0,0,5.558N,598,291,157,0a16.9,0a100,1047
103,f3e4f5c0-eeb3-11ef-a429-15e29f0bdd8b,누노,10488,0원,2025-11-22 0:55,10,23,0,21,0,19,0,7,6,7,5,0,0,2.470N,800,800,200,1a100,1a338.1,1046
104,75427350-6181-11f0-9be8-c76ee4422dfd,소룡녀,10483,583000원,2025-11-30 15:39,10,24,1,20,0,18,0,7,5,7,1,0,0,4.291N,600,580,200,0a35,0a100,1041
105,7f29e350-caf3-11ef-8bc5-3ddb6ddf929b,꿈과이상,10480,0원,2025-10-02 18:58,10,24,1,23,0,17,0,7,5,6,5,0,0,893.311M,300,800,1a54.4,1a202.3,1035,
106,ecd834b0-7df0-11ef-bc1a-0b38884b791f,흑룡대격전,10444,8800원,2025-11-26 20:36,9,24,6,24,7,20,0,0,0,0,0,0,0,195.175M,600,600,162,1a69.7,1a315.1,975
107,e1fd6e30-ab3a-11ef-8157-07c30ce58855,풀발우성,10443,8800원,2025-11-30 12:26,9,24,1,23,0,18,0,6,7,6,6,0,0,138.937M,600,800,200,0a5.5,0a100,984
108,fee1b040-8bc0-11ef-96be-211c08efb77c,혈황,10439,66000원,2025-11-27 12:54,9,23,0,22,0,19,0,3,2,2,2,0,0,65.617M,800,800,200,0a2,0a100,978
108,9eeebdf0-dfac-11ef-be8f-2b62a82593f5,혈풍천마,10439,0원,2025-11-28 0:19,9,24,0,21,0,18,0,7,6,5,5,0,0,111.166M,630,600,200,0a37,0a100,977
110,c1f901a0-80cc-11ef-aa9e-15fab7b9a721,팩장,10435,30800원,2025-10-23 12:18,9,24,5,24,0,20,0,5,2,0,1,0,0,48.180M,600,403,1a100,1a421.5,930,
110,2b3daa00-e0a2-11ef-a624-21fbda48aafc,적누야미,10435,7700원,2025-11-29 16:41,9,24,4,23,0,20,0,6,6,3,3,0,0,127.687M,400,400,200,1a100,1a600,972
112,32375360-7e1e-11ef-af38-9bf5ec835c9c,진도,10433,7700원,2025-10-01 0:30,9,24,8,23,0,17,0,6,4,5,3,0,0,90.056M,520,600,1a97.4,1a191,975,
113,f26a5840-b9f0-11ef-a67d-49a5aacc120f,고독한항해자,10425,7700원,2025-11-29 5:55,9,24,0,23,0,19,0,6,6,5,5,0,0,42.163M,610,800,200,1a100,1a530,953
113,310cf5f0-bed1-11ef-b3ee-0716f68882f9,하늘색꿈,10425,0원,2025-11-29 8:55,9,24,2,22,0,20,3,0,0,0,0,0,0,19.378M,650,200,254,1a83.7,1a255,965
115,255242e0-7d92-11ef-803d-1b444e27b398,백제,10418,7700원,2025-11-29 6:22,9,24,1,24,0,19,0,6,6,5,5,0,0,26.890M,600,223,200,0a1.4,0a100,953
116,408dc880-c1e5-11ef-8a42-1369d0e3ae02,고윤정,10416,171800원,2025-11-26 23:26,9,24,0,23,0,19,0,7,6,7,5,0,0,24.900M,500,400,200,1a100,1a362.7,946
117,0392d090-d902-11ef-b61b-637f093c56d6,하린,10415,47400원,2025-11-26 0:24,9,23,0,22,0,18,0,5,5,1,4,0,0,17.341M,800,600,0,1a100,1a340,948
118,f0a11ab0-ad9f-11ef-93c1-f7bcb2e50e80,황룡산,10411,40700원,2025-11-23 9:02,9,23,0,23,0,18,0,6,5,0,0,0,0,11.001M,800,800,0,0a0.4,0a100,939
118,a7f23830-c541-11ef-b870-333143f5e80c,우인상,10411,7700원,2025-11-28 20:46,9,24,4,23,0,18,0,6,5,5,3,0,0,8.718M,643,600,200,0a31.2,0a100,941
120,94b54930-b883-11ef-bdd3-e5ff23da30ec,천리독행,10405,7700원,2025-11-28 12:30,9,24,0,22,0,18,0,0,0,0,0,0,0,2.583M,800,800,0,1a100,1a335,934
121,d8aa0580-980e-11ef-ab9b-79ddfffeacdf,코코상,10404,98900원,2025-11-12 11:05,9,24,0,23,0,0,0,5,5,5,5,0,0,8.669M,200,800,0,1a100,1a306,930
122,8d226311-7f35-11ef-bf06-776ff2083e22,티플렌,10402,40700원,2025-11-28 18:33,9,24,5,24,4,20,1,3,3,3,1,0,0,6.119M,300,300,250,1a97,1a291,930
123,f87fd970-dff3-11ef-82a2-9965988d02ad,제주도감귤왕,10401,18700원,2025-11-23 20:35,9,24,3,24,1,18,0,7,7,7,7,0,0,6.224M,200,200,200,0a0.1,0a100,928
123,87909fd0-9ce9-11ef-9b4b-f728351e0105,마신대천역,10401,7700원,2025-11-18 18:28,9,24,8,23,0,20,4,3,3,3,3,0,0,7.532M,400,133,219,1a100,1a244.4,928
125,77820bc0-bc7d-11ef-8ecf-4527048b9d27,나몽이,10399,7700원,2025-11-28 18:33,9,23,0,23,0,18,0,6,5,5,5,0,0,6.706M,800,712,0,1a88,1a185,927
126,be7af010-b1f0-11ef-94e0-19049ff317b3,아허리아퍼,10396,8800원,2025-11-15 21:20,9,24,1,23,0,19,0,6,0,0,0,0,0,6.454L,501,400,0,1a100,1a591,925
126,33142480-8b74-11ef-9a26-4bffc5e4aae0,제이드,10396,60500원,2025-11-29 11:32,9,24,0,23,0,20,3,3,3,3,3,0,0,6.807M,400,400,350,0a17,0a100,925
128,825bafa0-9bfe-11ef-adab-ebdde6c82dde,역화,10394,7700원,2025-11-23 13:55,9,24,5,23,0,20,1,5,5,5,4,0,0,5.049M,400,400,250,1a80,1a210.1,923
129,496af0f0-dc7e-11ef-aa4c-e339bc3520b8,좋소워리어,10393,7700원,2025-10-30 19:52,9,24,0,22,0,19,0,4,3,0,0,0,0,5.850M,600,100,0a2,0a100,923,
130,472504e0-bd4b-11ef-b2e0-8da5632819f3,봉방,10392,8800원,2025-10-08 20:42,9,24,5,22,0,16,0,6,2,3,4,0,0,4.031M,600,509,1a100,1a423.3,888,
131,84588300-7d9f-11ef-80a7-d5c490a34fc1,styles7,10385,94600원,2025-11-10 13:54,9,24,2,22,0,19,0,5,5,5,4,0,0,944.076L,600,400,200,1a88,1a190.2,907
132,f0e4c7f0-b967-11ef-b065-e790c5b1e7f4,마리뿅,10382,7700원,2025-11-28 10:02,9,24,5,22,0,18,0,6,6,0,0,0,0,979.995L,600,417,0,1a100,1a332,900
132,af8102d0-5406-11f0-b543-5bdef5118bd2,임영대군,10382,11000원,2025-11-29 0:38,9,24,0,20,0,18,0,7,5,6,4,0,0,1.624M,400,400,200,1a84.1,1a208.7,902
134,b1007530-a080-11ef-aaa2-f58923c0661a,키키,10379,125600원,2025-11-30 11:47,9,23,0,22,0,18,0,4,3,5,5,0,0,862.788L,600,500,200,1a100,1a500,898
135,bdd7c670-b9ec-11ef-bb4e-f7ed8eccf7e5,동디,10375,19800원,2025-11-17 14:27,9,24,0,22,0,16,0,0,0,0,0,0,0,1.086M,463,304,200,1a72.7,1a142.7,892
136,a1cca9d0-b84a-11ef-8301-379174ed8b4f,표류과장,10374,35200원,2025-11-26 8:06,9,23,0,22,0,19,0,6,6,6,6,0,0,1.662M,600,600,200,1a73.9,1a179.3,891
137,48362690-bab5-11ef-b4b0-b1be39c939ee,치치치,10369,7700원,2025-11-05 12:48,9,24,12,21,0,20,1,0,0,0,0,0,0,0,566,259,1a73.1,1a240.9,887,
138,f7762810-52a6-11f0-9d22-019b29b9bd0c,잉크쟁이,10368,128700원,2025-11-27 13:56,9,24,0,23,0,19,0,7,3,1,0,0,0,367.998L,340,400,200,1a100,1a320,886
139,7fe45001-615c-11f0-99e5-551c9e503472,아이구,10366,33000원,2025-11-28 17:19,9,23,0,20,0,16,0,6,6,6,5,0,0,215.443L,600,600,200,1a100,1a298.6,885
140,42224ed0-cda4-11ef-97aa-470af6a6e97b,베가,10354,7700원,2025-10-13 1:45,9,24,3,24,3,19,0,0,0,0,0,0,0,0,600,600,1a100,1a430,866,
141,2538e390-7d47-11ef-bd38-6b1421704eae,류아,10351,145900원,2025-10-08 21:25,9,23,0,20,0,17,0,7,6,6,5,0,0,0,600,400,1a74.3,1a134,865,
142,0d956ae0-8208-11ef-9190-8f999e30b761,prysky,10347,7700원,2025-11-24 16:55,9,24,0,24,2,17,0,7,7,7,7,0,0,188.538L,300,300,200,1a100,1a219.1,853
143,0513d470-617c-11f0-bf69-93acd3a1eb00,twvking,10344,75900원,2025-11-29 16:23,9,24,0,21,0,19,0,5,5,5,5,0,0,127.301L,400,400,200,0a3.9,0a100,850
144,6346a8f0-d5a5-11ef-a275-e3d0701e297d,P용신,10343,7700원,2025-11-24 8:31,9,24,1,21,0,19,0,0,0,0,0,0,0,29.240L,650,700,0,1a100,1a392,851
145,44a90370-aba7-11ef-a9dd-01e33bb298a5,버터코코아,10339,8800원,2025-11-10 7:57,9,24,0,22,0,18,0,5,5,3,3,0,0,88.702L,308,400,200,1a43,1a256,847
146,4e40cb40-5488-11f0-ac93-bfea92c8a2c4,첫걸음,10337,7700원,2025-11-30 14:06,9,24,0,21,0,19,0,5,2,5,1,0,0,40.815L,310,400,200,1a83.4,1a166.8,845
147,378290b0-d91c-11ef-b61b-637f093c56d6,가면용,10336,0원,2025-11-30 10:26,9,24,0,22,0,18,0,0,0,0,0,0,0,19.754L,480,730,200,1a93,1a240,841
148,e90abea0-b6eb-11ef-b186-998c850bb91f,정챙니,10334,7700원,2025-11-15 8:58,9,23,0,22,0,19,0,4,4,4,4,0,0,55.589L,600,600,0,1a80.4,1a234.8,844
149,ea223040-d633-11ef-8072-7bc6bf465123,쓰리콤보,10332,7700원,2025-11-23 18:25,9,24,1,23,0,19,0,5,5,3,3,0,0,68.612L,583,400,200,1a50.1,1a183.3,843
150,448f6e50-b797-11ef-9c97-adf4e6df20d8,대롱이,10329,7700원,2025-11-21 9:00,9,23,0,23,0,18,0,5,5,0,0,0,0,14.745L,800,800,0,1a76.4,1a196.5,840
151,10803cb0-7d50-11ef-9afc-df866259cb8e,갑수,10323,132700원,2025-11-25 9:38,9,24,1,22,0,19,0,5,2,4,0,0,0,17.703L,250,400,200,1a91,1a142.6,748
152,c20e6f90-549d-11f0-9be9-a3d167c640f6,롱티,10315,106700원,2025-11-24 13:05,9,23,0,22,0,19,0,5,4,3,4,0,0,12.405L,400,400,200,1a50,1a280,821
153,c7c75c20-b30e-11ef-8c20-f72da72c3815,실룩샐룩,10313,7700원,2025-09-28 12:37,9,22,0,22,0,17,0,5,5,5,5,0,0,0,600,600,1a82,1a160,824,
154,4d8227d0-b145-11ef-8b22-31d93b98bb41,vdf,10312,16500원,2025-11-29 15:54,9,23,0,22,0,18,0,6,4,5,5,0,0,7.516L,526,420,200,1a77,1a200,808
155,34df7960-b51b-11ef-ae97-4353aee62c39,한땀,10298,7700원,2025-11-27 20:45,8,23,0,23,0,18,0,0,0,0,0,0,0,1.375L,800,420,0,1a40,1a320,792
156,86394720-87f6-11ef-83b3-d9704da7d18a,이자큐,10295,7700원,2025-11-30 13:00,8,23,0,23,0,18,0,5,3,5,4,0,0,1.709L,348,210,174,1a14.2,1a186.4,785
157,027a1b60-82d0-11ef-9e84-454aa5e77617,앵케,10290,7700원,2025-11-02 23:51,8,23,0,21,0,18,0,6,2,5,2,0,0,1.006L,600,400,1a74,1a130,764,
158,d134d0d0-b444-11ef-ac5a-e167c52f8a6c,hider0v0,10287,0원,2025-11-29 5:30,8,24,0,23,0,18,0,3,4,0,0,0,0,1.488L,200,398,173,1a81,1a126.5,775
158,13873ee0-b5ea-11ef-b8f1-4fbb48b6fcd7,손만잡고잘게,10287,7700원,2025-11-28 10:59,8,24,11,23,0,19,0,6,6,0,0,0,0,1.354L,600,600,200,1a100,1a403.7,780
158,0010f1e0-616f-11f0-afd3-05dd5d8d8e04,삼둥이아빠,10287,51700원,2025-11-27 19:46,8,23,0,23,0,17,0,5,5,0,0,0,0,625.415K,747,716,200,1a100,1a190,775
161,b53b6e50-b3dd-11ef-b886-05286a4e2c7a,은향,10285,7700원,2025-11-28 7:54,8,23,0,23,0,16,0,4,4,3,3,0,0,1.122L,600,401,0,1a55.4,1a176.2,772
162,30d363d0-ab53-11ef-8b98-37ba62d9e524,희빈,10282,0원,2025-11-30 13:01,8,24,0,24,0,16,0,0,0,0,0,0,0,1.250L,416,392,0,1a64,1a364,767
163,206382f0-4d6a-11f0-a8be-f368aa58e840,하늘영,10278,234300원,2025-11-29 14:32,8,23,0,23,0,16,0,0,0,0,0,0,0,449.279K,620,420,200,1a84,1a217.1,764
164,f0880040-bcfc-11ef-8a37-954f963717f7,똘미아빠,10276,8800원,2025-11-23 8:19,8,23,0,23,0,0,0,0,0,0,0,0,0,2.327L,800,800,0,1a96.5,1a166.7,756
164,6b79a470-b442-11ef-ae97-4353aee62c39,봉골레,10276,11000원,2025-10-19 9:08,8,23,0,22,0,18,0,0,0,0,0,0,0,0,800,754,1a30,1a120.5,766,
166,978dc980-6138-11f0-a19a-9d5627d71f9b,담배,10275,7700원,2025-11-30 9:51,8,24,2,22,0,18,0,5,5,3,4,0,0,532.925K,320,300,200,1a71.8,1a175.4,764
166,5cae8490-b363-11ef-a56f-01299e95466d,GoDiva,10275,8800원,2025-09-27 19:49,8,23,0,23,0,19,0,0,0,0,0,0,0,442.814K,800,227,1a67.6,1a101.2,767,
168,5f62b9e0-ab25-11ef-864b-d7a00d2ead55,ss단ss,10268,8800원,2025-11-04 7:16,8,24,0,21,0,0,0,4,4,4,3,0,0,0,600,400,1a22.7,1a378.6,768,
169,b0d13530-ac70-11ef-9203-e5502dda7991,싸늘한이버,10267,7700원,2025-11-28 6:05,8,24,4,22,0,19,0,0,0,0,0,0,0,306.621K,300,300,200,1a55.1,1a157.8,741
170,53652810-b0cc-11ef-a87b-b5997a27d221,재원,10265,29700원,2025-10-12 22:20,8,24,0,23,0,19,0,4,1,1,0,0,0,0,200,400,1a100,1a183,746,
171,d53576d0-86b8-11ef-9736-ede87ef6efd9,호떡장수,10260,7700원,2025-11-14 8:09,8,22,0,23,0,15,0,2,0,0,0,0,0,534.869K,600,600,200,1a28.1,1a175.2,752
172,81735860-7ee7-11ef-962e-4f7b92cb3e9c,별빛라떼,10259,14300원,2025-11-24 17:03,8,23,0,22,0,18,0,5,5,5,5,0,0,281.921K,400,400,200,1a85.3,1a100.1,739
173,7bae0c70-7e67-11ef-a91c-4d1f43b16fc3,RAONIST,10238,18700원,2025-10-21 22:41,8,23,0,21,0,18,0,3,1,2,3,0,0,0,500,500,1a50,1a110.2,715,
174,c48f8090-ab35-11ef-b178-054b573bb50d,ol호랑이lo,10235,16500원,2025-10-30 16:46,8,24,0,23,0,15,0,0,0,0,0,0,0,72.347K,250,419,1a34.5,1a203.4,708,
175,90f2b5f0-db40-11ef-a0ca-0133bcd1d569,일엽지추,10232,7700원,2025-10-14 20:48,8,23,0,22,0,17,0,5,5,5,4,0,0,42.427K,300,300,1a31,1a140,692,
176,a5199940-ba6b-11ef-923c-656db28605a8,별난이,10225,11000원,2025-11-12 7:08,8,23,0,23,0,0,0,5,4,0,0,0,0,11.965K,800,800,0,1a41.6,1a179.6,691
177,69076910-decd-11ef-ba32-2d52ba76708c,타임머신인간,10218,7700원,2025-11-28 6:08,8,23,0,21,0,19,0,5,6,0,0,0,0,8.620K,400,400,200,1a61.9,1a194.8,688
178,4a3cb070-6173-11f0-b8ec-ff4c893fa1c0,good소영,10210,7700원,2025-11-28 11:58,8,23,0,23,0,18,0,1,0,0,0,0,0,5.615K,400,400,200,1a55.7,1a190.1,673
179,ad741770-ab73-11ef-9d4f-85486f726cf1,오윤코코,10204,8800원,2025-11-22 9:59,8,24,10,24,1,0,0,0,0,0,0,0,0,2.960K,300,300,0,1a54.9,1a181.7,671
180,08a2d0e0-e333-11ef-adb0-454616481ad7,다쿠아즈,10201,7700원,2025-11-12 2:35,8,24,5,22,0,16,0,5,4,0,0,0,0,3.080L,561,318,200,1a51.4,1a111,791
181,f34f0ae0-8074-11ef-b768-6342da98924b,위영위영,10196,24200원,2025-11-07 23:42,8,23,0,22,0,15,0,4,3,0,0,0,0,2.011K,480,314,1a13.6,1a145.4,654,
182,f62a5ac0-ab7c-11ef-9d4f-85486f726cf1,팡이,10193,7700원,2025-11-30 0:31,8,23,0,23,0,18,0,0,0,0,0,0,0,1.738K,400,400,200,1a58,1a220,652
183,67e73050-d85c-11ef-9b1d-4749c01f968a,메로나짱,10187,0원,2025-11-16 5:25,8,22,0,22,0,16,0,5,3,0,0,0,0,1.106K,380,368,200,1a24.3,1a158.8,646
184,1dde26e0-c9b0-11ef-8ed0-cf5f88ca591e,여울,10186,7700원,2025-11-29 2:43,8,23,0,21,0,18,0,0,0,0,0,0,0,507.206J,300,300,200,1a48,1a173,643
185,b2c04180-c249-11ef-aca5-0357422bc51e,효가,10184,7700원,2025-11-04 15:21,8,24,0,23,0,18,0,0,0,0,0,0,0,0,400,350,1a32.7,1a203.6,643,
186,2659b500-ca37-11ef-8de3-2ba1fc91cb22,승승짱구,10181,7700원,2025-09-24 19:38,8,23,0,23,0,6,0,3,2,0,0,0,0,0,400,400,1a28.2,1a150.7,643,
187,3166e1a0-e956-11ef-accb-fd363b14cec2,크롱,10166,7700원,2025-11-28 23:10,8,24,6,22,0,19,0,0,0,0,0,0,0,1.470K,300,300,200,1a88,1a101,648
188,0a43e020-614a-11f0-96bb-e132d97f8ce0,볼리,10161,7700원,2025-11-25 3:12,8,23,0,20,0,15,0,0,0,0,0,0,0,86.253J,400,400,200,1a19.1,1a121.1,610
189,52a64d00-6125-11f0-a19a-9d5627d71f9b,귀주대첩,10146,44000원,2025-11-29 7:08,7,24,3,22,0,18,0,0,0,0,0,0,0,43.962J,300,200,200,1a35.8,1a179.1,589
189,0f63f860-cebf-11ef-9f21-590451aad25e,조용국,10146,11000원,2025-11-30 1:46,7,23,0,21,0,18,0,0,0,0,0,0,0,26.627J,300,300,200,1a44.7,1a154.3,601
191,cb441570-b5f0-11ef-a206-db7a4a43e872,피크닠,10141,27500원,2025-11-30 8:13,7,23,0,19,0,15,0,0,0,0,0,0,0,9.168J,500,200,200,1a46,1a160,581
192,8e743440-ab23-11ef-8a5d-fb4b569024fa,asi,10139,8800원,2025-11-18 11:44,7,23,0,23,0,17,0,0,0,0,0,0,0,22.283J,300,300,200,1a5.9,1a124.9,578
193,593aff40-aced-11ef-9051-c548b6a59ffe,때타올,10135,0원,2025-11-29 22:58,7,22,0,22,0,18,0,4,1,0,0,0,0,22.247J,300,300,200,1a32,1a183,570
194,58aaf980-7db4-11ef-828a-ab1ebb43cccf,kar26,10130,7700원,2025-11-30 0:35,7,23,0,23,0,14,0,0,0,0,0,0,0,11.853J,280,280,200,1a19.9,1a139.7,568
194,20188370-3fc5-11f0-8fac-6b6d0a4cb493,린바,10130,18700원,2025-11-12 13:29,7,23,0,23,0,16,0,0,0,0,0,0,0,12.795J,400,400,200,1a29.9,1a130,567
196,59a86100-b546-11ef-b8d7-599a77a8c4db,진성,10127,0원,2025-10-27 21:35,7,23,0,22,0,17,0,4,5,0,0,0,0,0,400,300,200,1a2,1a104,587
197,13c6a610-cf4a-11ef-b95f-ebaeff332cc0,청자룡,10126,34100원,2025-11-08 9:59,7,23,0,23,0,18,0,1,0,0,0,0,0,0,400,228,0,1a16,1a145,565
198,5a6a68a0-9993-11ef-82f5-a75626bcbdce,gusdnekd,10125,16500원,2025-11-24 22:16,7,23,0,23,0,16,0,6,5,0,0,0,0,40.518J,300,300,0,1a23,1a192,564
199,4fdf7ba0-c8a5-11ef-b3ea-e9ab84aaf4b7,팔한짝없음,10124,8800원,2025-09-28 18:16,8,24,1,23,0,0,0,2,4,3,5,0,0,0,200,600,1a92.7,1a136.8,755,
200,908edf70-cfd9-11ef-87bd-eb2e5e352cb1,허성,10123,143800원,2025-11-26 9:59,7,23,0,23,0,18,0,5,4,0,0,0,0,8.659J,300,300,200,1a21.4,1a115.5,562
201,0618e7a0-aeaf-11ef-be6a-9db3ae4ff6d0,난중왕,10121,29700원,2025-11-23 23:18,8,23,0,22,0,18,0,0,0,0,0,0,0,10.791K,520,480,0,1a20,1a280,701
202,3f3ea110-7e2a-11ef-a5c3-6759eeeb345b,artruis,10116,29700원,2025-11-20 8:22,7,23,0,22,0,16,0,5,5,0,0,0,0,29.921J,200,200,200,1a0,1a100,558
203,e3dd9b90-6173-11f0-8822-43e85f1a530f,나막소,10115,0원,2025-11-28 3:00,7,23,0,23,0,18,0,0,0,0,0,0,0,1.143J,600,326,0,1a26.9,1a144.3,554
203,072f25c0-16fe-11f0-ba6c-49276427a68d,soosam,10115,0원,2025-11-23 21:04,7,21,0,22,0,17,0,0,0,0,0,0,0,7.057J,352,300,67,1a4,1a110,551
205,e5f602b0-d7a7-11ef-9e5e-2918b340880f,종원이,10111,7700원,2025-10-19 12:30,7,22,0,20,0,19,0,0,0,0,0,0,0,1.232J,300,300,1a19,1a160,548,
205,7f7e3020-dec3-11ef-b7cd-8339d402dc13,Saint,10111,29700원,2025-11-30 14:59,7,23,0,20,0,19,0,0,0,0,0,0,0,498.041I,400,400,200,1a55,1a127,547
207,716bc9f0-5148-11f0-bac9-5394e7bd22d7,사라,10107,58300원,2025-09-27 1:15,7,22,0,20,0,15,0,0,0,0,0,0,0,0,489,301,1a20.8,1a109.6,545,
208,1ea90aa0-d62a-11ef-8072-7bc6bf465123,바람신,10102,0원,2025-11-16 8:23,7,23,0,23,0,18,0,0,0,0,0,0,0,1.226J,300,300,0,1a0,1a100,536
209,4d9c30d0-b2f8-11ef-b79e-71cbcc9fed2c,펠단,10100,166100원,2025-10-12 3:26,7,24,2,21,0,14,0,0,0,0,0,0,0,0,300,260,1a0,1a100,534,
210,01b84190-ad7b-11ef-80b0-1f3f8f1c75aa,지상최강,10098,0원,2025-11-05 20:23,7,23,0,22,0,0,0,0,0,0,0,0,0,162.874I,400,400,1a40,1a194.2,530,
211,ba610e60-8095-11ef-836b-0f6dfa26285a,슈렉,10097,7700원,2025-10-02 5:48,7,22,0,20,0,17,0,0,0,0,0,0,0,0,400,400,1a1.8,1a101.3,530,
211,888fd720-cc9b-11ef-aa52-cb9b8d269c2e,묘리,10097,7700원,2025-11-30 1:33,7,23,0,21,0,15,0,0,0,0,0,0,0,105.248I,400,333,200,1a0,1a100,528
213,07ccbad0-814c-11ef-896c-6b707883d646,테라,10096,249700원,2025-11-27 16:18,7,23,0,23,0,15,0,0,0,0,0,0,0,125.298I,290,290,200,1a19.3,1a100.8,529
214,0f71def0-53f1-11f0-8805-b3badd4d1eaa,최태원,10095,7700원,2025-10-09 13:28,7,24,0,21,0,18,0,0,0,0,0,0,0,65.861I,200,200,1a0,1a100,526,
215,d352b3c0-6117-11f0-91d6-b1e4615a068a,준기,10089,11000원,2025-11-13 9:38,7,23,0,23,0,18,0,0,0,0,0,0,0,30.868I,400,0,0,1a0,1a100,517
216,6557d680-ae65-11ef-aea8-73717a3b18aa,아이든,10084,453200원,2025-11-25 12:49,7,23,0,23,0,18,0,0,0,0,0,0,0,52.486I,9,0,0,1a0,1a100,513
217,3f70d0d0-e294-11ef-9245-8ffe3887f60f,와우아이,10082,25300원,2025-11-29 0:23,7,22,0,23,0,15,0,0,0,0,0,0,0,8.776I,400,280,83,1a0,1a100,509
218,da0b94d0-bdbf-11ef-bb0a-11fecacd9b42,나비이,10067,7700원,2025-10-30 13:15,6,23,0,23,0,18,0,0,0,0,0,0,0,0,270,289,1a0,1a100,489,
218,2a6c95d0-dba9-11ef-8c9e-2f550fcbb0ac,제갈명월,10067,0원,2025-11-24 18:16,6,23,0,22,0,15,0,0,0,0,0,0,0,1.225I,200,200,200,1a0,1a100,489
220,8b80fbf0-c43d-11ef-83e2-e366a784b169,잉크,10057,0원,2025-11-30 2:21,6,23,0,22,0,18,0,0,0,0,0,0,0,503.597H,359,200,70,1a0,1a100,475
221,9a6d8800-b2bc-11ef-9772-39d823ea459c,이건또뭐냐,10056,73700원,2025-11-23 10:54,6,23,0,20,0,18,0,0,0,0,0,0,0,397.791H,200,200,173,1a0,1a100,476
222,c42f14d0-7d45-11ef-aaa2-bf7ed5ce1787,D스,10054,28600원,2025-10-28 21:49,6,23,0,21,0,16,0,0,0,0,0,0,0,0,300,186,1a0,1a100,472,
222,88efcd50-b5e5-11ef-8a4d-5bd22890ef50,제갈아영,10054,0원,2025-11-15 7:32,6,22,0,22,0,18,0,0,0,0,0,0,0,447.760H,200,200,200,1a0,1a100,469
224,800cd960-9d22-11f0-8d8e-7d66a99fdb4e,탱탱한오리알,10052,34100원,2025-11-26 23:42,6,23,0,19,0,17,0,0,0,0,0,0,0,131.501H,200,200,175,1a0,1a100,467
224,39a8a1a0-b936-11ef-9898-0fbf1f401ffc,순똘이,10052,7700원,2025-11-16 8:16,6,23,0,23,0,19,0,0,0,0,0,0,0,122.537H,260,250,80,1a0,1a100,468
226,0cce1990-cf33-11ef-b7a4-1340647ef11d,김솔음,10047,7700원,2025-11-30 15:54,6,23,0,20,0,19,0,0,0,0,0,0,0,63.319H,313,203,89,1a0,1a100,465
227,062c0030-7e38-11ef-8518-5fedfc5cfa32,비홍,10042,117700원,2025-11-18 23:44,6,23,0,21,0,15,0,0,0,0,0,0,0,33.970H,354,300,2,1a0,1a100,455
228,83925360-b382-11ef-8f2c-7191e14f2011,국이꾹이,10041,7700원,2025-10-05 22:55,6,22,0,22,0,0,0,0,0,0,0,0,0,0,300,300,1a0,1a100,461,
229,cc7c5a70-b397-11ef-b886-05286a4e2c7a,초롱매실,10038,0원,2025-09-22 17:21,6,23,0,23,0,0,0,0,0,0,0,0,0,0,200,200,,,,
230,2cfb16f0-abe8-11ef-b8a4-7f7b772ead33,아언,10028,7700원,2025-10-09 17:29,8,22,0,23,0,19,0,7,5,7,4,0,0,0,280,280,1a59.2,1a287.3,763,
231,42538010-7d57-11ef-a7f7-9d31d4e3cecd,김석순,10026,454300원,2025-11-29 11:25,6,23,0,20,0,17,0,0,0,0,0,0,0,412.256H,290,287,89,1a0,1a100,469
232,e254af00-be4b-11ef-869e-d78576195d07,공공이,10002,100100원,2025-09-23 0:36,7,23,0,23,0,14,0,1,1,0,0,0,0,0,200,200,,,,
233,fc3659c0-965d-11ef-ab9b-79ddfffeacdf,엘리트와룡,1234,538700원,2025-11-30 9:50,11,24,5,23,0,20,0,5,5,5,5,0,0,104.270O,800,800,200,0a20,0a105.5,1234
234,d42ce7a0-92c5-11ef-8128-0511b4ff84c3,묵향비화,1085,7700원,2025-11-29 11:09,10,24,23,24,12,0,0,5,5,5,5,0,0,55.734N,400,380,0,1a98.9,1a254,1085
235,c9dcea70-bb79-11ef-896a-6fd8ce54c859,음무기,1043,8800원,2025-10-20 0:28,10,24,5,23,0,18,0,8,7,7,7,0,0,1.443N,400,600,1a100,1a418.6,1043,
236,c3c59a60-bdcc-11ef-9775-55a19fdd04a9,오닉,821,7700원,2025-11-29 1:14,9,24,4,24,0,19,0,0,0,0,0,0,0,25.301L,600,0,0,1a1.5,1a142,821
237,864f2c70-e435-11ef-b2da-5d1b4914c54f,zexon,820,150700원,2025-10-17 21:16,9,24,0,23,0,20,0,7,5,3,1,0,0,0,300,300,1a91.2,1a241.6,820,
238,82344f50-ca52-11ef-918f-9ba5b209116b,월광무,789,8800원,2025-09-24 22:07,8,24,5,23,0,15,0,5,5,3,5,0,0,0,650,250,,,,
239,6c8472e0-7dca-11ef-aed1-ffc5ee7315d1,썬썬,787,0원,2025-11-29 16:02,8,24,0,21,0,17,0,6,6,4,5,0,0,2.909L,0,200,0,1a40,1a180,787
240,cdb3b9a0-9df9-11ef-9cb4-8d35fc0b1273,안췍,731,12100원,2025-09-03 1:52,8,22,0,21,0,15,0,5,3,5,5,0,0,0,600,600,1a52.3,1a134.9,731,
241,6da85d00-c756-11ef-b8b7-471b06b359c9,천선화,692,7700원,2025-09-25 7:24,8,23,0,23,0,19,0,5,5,5,5,0,0,0,300,300,,,,
242,fcf4a540-af0a-11ef-be6a-9db3ae4ff6d0,홍실이,687,7700원,2025-11-29 7:41,8,24,5,23,0,18,0,0,0,0,0,0,0,50.854K,400,200,0,1a34,1a110,687
243,cceae9e0-b2ca-11ef-a464-37c500225cee,슬국,660,8800원,2025-06-14 1:34,8,23,0,22,0,0,0,0,0,0,3,0,0,0,600,600,1a0,1a100,660,
244,5598de80-df0f-11ef-a46c-9bac08d5d36e,머리털도사,650,0원,2025-11-29 1:27,8,22,0,23,0,0,0,0,0,0,0,0,0,1.434K,196,40,1,1a66.1,1a165.7,650
245,719b2c20-80b7-11ef-b893-4359806a2158,나야나,644,7700원,2025-04-12 22:47,8,24,2,21,0,0,0,5,1,2,3,0,0,0,200,0,1a0,1a100,644,
246,2637f9e0-9adc-11ef-8914-2bb2f37fcc8c,윤호가왕,618,7700원,2025-07-27 23:50,8,23,0,22,0,0,0,3,2,4,4,0,0,0,400,400,1a61,1a241,618,
247,f541f4d0-ad64-11ef-a168-a338e5b408b4,플루,574,0원,2025-11-25 18:19,7,24,0,22,0,19,0,0,0,0,0,0,0,17.195J,300,200,200,1a47,1a150,574
248,4ac87690-bcec-11ef-80d1-c5b2129852d8,동방삭이,567,8800원,2025-10-13 18:37,7,24,5,24,5,0,0,0,0,0,0,0,0,0,300,300,1a23,1a166,567,
249,dfdc1b80-98c8-11ef-81c5-6f1ac3b9ab8f,먹튀각,558,308600원,2025-10-23 0:54,7,22,0,23,0,14,0,5,5,3,3,0,0,0,400,400,1a31.6,1a131,558,
250,4ba8a520-5491-11f0-83d0-c7af0631c64b,흑천,557,55000원,2025-11-28 18:29,7,23,0,23,0,18,0,6,5,0,0,0,0,10.795J,200,200,200,1a30.2,1a144,557
251,eef05280-d6d5-11ef-8d94-9564537ddbbb,꼴찌,556,7700원,2025-05-27 18:44,7,23,0,21,0,0,0,5,0,3,0,0,0,0,400,400,1a0,1a100,556,
252,6524dac0-ccd1-11ef-91aa-c5f0e480c0d4,장수꿀벌,548,7700원,2025-06-19 4:08,7,23,0,20,0,0,0,0,0,0,0,0,0,0,600,373,1a1.6,1a105.6,548,
252,5a367810-af23-11ef-ae0b-89a6e09af856,골골때리네,548,0원,2025-11-22 20:37,7,21,0,22,0,19,0,0,0,0,0,0,0,1.509J,400,0,0,1a20,1a170,548
254,0b479fd0-cf63-11ef-b137-496b1f832f7f,정욱진,539,15400원,2025-11-14 7:18,7,24,5,24,3,0,0,0,0,0,0,0,0,602.550I,400,400,0,1a22.6,1a133.4,539
255,c40df1b0-b2ce-11ef-8b7d-e9436b89eecc,륜리사랑,536,7700원,2025-11-17 15:27,7,23,0,23,0,19,0,0,0,0,0,0,0,202.507I,500,503,0,1a20,1a150,536
256,bedad320-7dd6-11ef-aed1-ffc5ee7315d1,한대원,535,7700원,2025-08-17 16:06,7,24,0,23,0,0,0,5,4,3,3,0,0,0,480,400,0,1a16,1a110,535
257,6e121880-eeac-11ef-a429-15e29f0bdd8b,격차,534,14300원,2025-06-18 19:25,7,23,0,23,0,0,0,0,0,0,0,0,0,0,400,400,1a10,1a140,534,
257,5c504a70-7e1a-11ef-be83-6d1e3642bd08,SD울산지부장,534,7700원,2025-04-29 16:53,7,23,0,23,0,0,0,0,1,0,0,0,0,0,514,208,1a0,1a100,534,
259,25aacb80-dcbb-11ef-9a48-cd603e6509c9,우버겐세이,533,7700원,2025-09-18 12:48,7,22,0,22,0,17,0,0,3,0,0,0,0,0,200,200,,,,
260,f1fb2a41-c389-11ef-83e2-e366a784b169,JJ,531,7700원,2025-07-27 20:33,7,23,0,22,0,0,0,0,0,0,0,0,0,0,410,250,0,1a11.4,1a111,531
261,f2243480-ad2c-11ef-9b02-a71988cda882,고아라,522,2003700원,2025-07-16 16:34,7,24,3,23,0,0,0,5,4,0,0,0,0,0,400,200,0,1a0,1a100,522
262,2bbb2610-7d47-11ef-8daf-bd28ce8e72c0,뭉크,516,152800원,2025-11-27 21:26,7,23,0,22,0,19,0,0,0,0,0,0,0,84.167I,200,200,155,1a0,1a100,516
263,c5a37a30-82c8-11ef-a990-490cdbc4693e,황금잉어킹,509,27500원,2025-09-13 11:27,7,21,0,22,0,18,0,0,0,0,0,0,0,0,320,300,1a0,1a100,509,
264,232ff420-c749-11ef-b344-0fc72d346324,패왕성선주,507,0원,2025-10-07 12:45,7,23,0,21,0,0,0,0,0,0,0,0,0,0,600,600,1a30.1,1a165,507,
265,89e17bc0-a48b-11ef-9e36-45f1e1137a28,광개토태왕,505,11000원,2025-10-03 20:20,7,23,0,21,0,15,0,0,0,0,0,0,0,0,300,300,1a0,1a100,505,
266,e0157f90-80a1-11ef-a8d5-7bfe54649775,가투,488,8800원,2025-02-08 22:09,6,22,0,23,0,0,0,0,0,0,0,0,0,0,300,200,1a0,1a100,488,
267,7f87ecb0-87a6-11ef-a77d-71ca38f554ad,마신,476,7700원,2025-01-10 8:14,6,23,0,20,0,0,0,0,0,0,0,0,0,0,300,200,0,1a0,1a100,476
268,ecd7dc60-b17e-11ef-a286-29921a7fb1c0,시시니니,471,0원,2025-11-22 13:50,6,20,0,22,0,0,0,0,0,0,0,0,0,889.406H,400,358,0,1a21.3,1a128.5,471
269,c6978950-7d45-11ef-9c8e-99b32f3edbe3,신지,467,1006600원,2025-09-09 19:51,6,23,0,21,0,0,0,0,0,0,0,0,0,0,0,300,1a0,1a100,467,
270,a04c6310-aee1-11ef-bf95-c578aa215b96,베리베리안녕,466,47300원,2025-01-26 7:24,6,23,0,20,0,0,0,0,0,0,0,0,0,0,300,300,1a0,1a100,466,
270,4c297e90-80d2-11ef-bf59-17fb4fe15d68,푸른고등어,466,7700원,2025-09-25 10:17,6,23,0,23,0,0,0,0,0,0,0,0,0,0,200,200,1a13.7,1a135.4,466,
272,e40316d0-7e17-11ef-8f1b-a125e7c3f728,민준파파,459,11000원,2025-01-12 18:58,6,23,0,20,0,0,0,0,0,0,0,0,0,0,400,300,1a0,1a100,459,
273,195d6850-ab75-11ef-911a-e7c0ada9a68c,주누아빠,451,7700원,2025-09-23 19:31,6,22,0,23,0,0,0,0,0,0,0,0,0,0,300,200,1a0,1a100,451,
274,a4d9aae0-bf1d-11ef-a994-557ee9b4b96f,추풍당최,448,7700원,2025-09-28 11:00,6,24,0,20,0,13,0,0,0,0,0,0,0,0,200,300,1a0,1a100,448,
275,729a50c0-ad66-11ef-a168-a338e5b408b4,발도제울프,447,0원,2025-07-27 11:26,6,24,0,21,0,0,0,0,0,0,0,0,0,0,200,200,1a0,1a100,447,
276,bc26b8f0-cf12-11ef-b95f-ebaeff332cc0,주상전하,446,11000원,2025-11-02 13:25,6,22,0,21,0,15,0,0,0,0,0,0,0,0,300,300,1a0,1a100,446,
276,b44a6230-d7b9-11ef-87cf-73b81c2075ea,철조망,446,7700원,2025-11-04 18:21,6,20,0,20,0,17,0,0,0,0,0,0,0,0,200,200,1a0,1a100,446,
276,1f430d10-aee0-11ef-8800-b10c1ac46a2e,한국사국사,446,7700원,2025-05-15 16:44,6,22,0,23,0,0,0,0,0,0,0,0,0,0,400,300,0,1a0,1a100,446
279,bce71880-d9e3-11ef-8915-cd9bf2d0d0e6,까밀,445,7700원,2025-07-08 8:00,6,23,0,20,0,0,0,0,0,0,0,0,0,0,300,300,1a0,1a100,445,
280,c22caec0-b7d5-11ef-8193-076f2790fca0,푸른청룡,432,7700원,2025-10-13 20:38,6,21,0,21,0,14,0,0,0,0,0,0,0,0,200,200,1a0,1a100,432,
281,f1ff4d20-a3c5-11ef-a9b0-8f986b110b05,코버넌트,431,477100원,2025-11-22 14:56,6,23,0,20,0,16,0,0,0,0,0,0,0,7.457H,200,200,59,1a0,1a100,431
282,e4ba8300-b077-11ef-81bb-01a24d7c0f95,우정잉,427,0원,2025-11-25 13:48,6,22,0,22,0,15,0,0,0,0,0,0,0,7.971H,300,223,67,1a0,1a100,427
282,91fed190-6141-11f0-9f5a-17f75c168df7,코코볼,427,7700원,2025-11-01 14:19,6,22,0,22,0,0,0,0,0,0,0,0,0,1.673H,400,323,1a0,1a100,427,
282,816d2370-b3c4-11ef-85f3-11ac3a2178dc,vtctrcut,427,164400원,2025-09-17 14:45,6,23,0,20,0,0,0,0,0,0,0,0,0,0,200,200,1a0,1a100,427,
282,42bb83f0-7d47-11ef-a223-1b9a0b306c0b,사람10291,427,0원,2025-10-18 14:15,6,22,0,21,0,12,0,0,0,0,0,0,0,0,300,283,164,1a0,1a100,427
286,689ccde0-b5f0-11ef-a206-db7a4a43e872,sam2025,426,7700원,2025-08-10 21:36,6,23,0,23,0,0,0,0,0,0,0,0,0,0,300,300,1a0,1a100,426,
287,ed8eeb60-e2d6-11ef-9e18-8555ee75829c,8809k,424,0원,2025-10-07 16:05,6,20,0,20,0,0,0,0,0,2,2,0,0,0,200,200,1a0,1a100,424,
288,a100ec70-b096-11ef-b79e-71cbcc9fed2c,맘대로해,411,0원,2025-10-20 11:28,6,21,0,23,0,14,0,0,0,0,0,0,0,0,240,129,1a0,1a100,411,
289,743405d0-c039-11ef-9738-6f7f9c9ad646,우푸돈,408,0원,2025-11-22 17:05,6,23,0,22,0,0,0,0,0,0,0,0,0,658.596G,300,300,0,1a0,1a100,408
289,19063a30-fd0f-11ef-9f77-279c0b729026,나구리,408,0원,2025-10-30 20:03,6,23,0,22,0,10,0,0,0,0,0,0,0,0,284,265,1a0,1a100,408,
291,b64e2150-afc0-11ef-94e0-19049ff317b3,어처구니가,397,0원,2025-06-26 11:24,5,23,0,23,0,0,0,0,0,0,0,0,0,0,200,200,1a0,1a100,397,
292,d3296110-b2d4-11ef-8b7d-e9436b89eecc,앰재이,396,7700원,2025-09-25 10:32,5,23,0,23,0,15,0,0,0,0,0,0,0,0,200,200,1a0,1a100,396,
293,ba16faf0-bfec-11ef-8f07-a9b83744e36b,응아하며돈벌기,390,16500원,2025-07-20 0:58,5,22,0,19,0,0,0,0,0,0,0,0,0,0,336,200,1a0,1a100,390,
294,711956c0-805b-11ef-bcf8-6d57cb3f8a8a,클린스만,388,9900원,2024-12-02 9:55,5,23,0,23,0,0,0,0,0,0,0,0,0,0,200,200,0,1a0,1a100,388
295,c789d230-c199-11ef-afc5-69970d9f817c,931117,386,0원,2025-07-14 14:51,5,22,0,20,0,0,0,0,0,0,0,0,0,0,255,200,1a0,1a100,386,
295,a1e24ad0-cab8-11ef-af46-e5a85b0ce06d,s정희s,386,22000원,2025-10-29 20:37,5,23,0,23,0,0,0,0,0,0,0,0,0,21.399G,200,200,1a0,1a100,386,
297,7414a700-842d-11ef-908a-fb022d54e649,이설죽화,385,0원,2025-11-21 12:58,5,23,0,22,0,0,0,0,0,0,0,0,0,39.347G,0,122,0,1a0,1a100,385
298,29c734a0-ad73-11ef-a412-bb796ede6e3f,에레나,381,0원,2025-09-23 19:52,5,22,0,22,0,0,0,0,0,0,0,0,0,0,300,300,1a0,1a100,381,
299,60da3f70-7d56-11ef-bc24-951d7c715146,난영초창유저,378,7700원,2025-10-01 23:10,5,23,0,21,0,11,0,0,0,0,0,0,0,13.662G,270,260,1a0,1a100,378,
299,41d77fc0-806c-11ef-836b-0f6dfa26285a,로진,378,19800원,2025-09-12 20:27,5,23,0,23,0,0,0,0,0,0,0,0,0,0,200,200,0,1a0,1a100,378
301,bb645571-bece-11ef-a133-53dea4eb9368,원시인,374,8800원,2025-07-20 22:24,5,23,0,20,0,0,0,0,0,0,0,0,0,0,200,200,0,1a0,1a100,374
302,f649aaa0-af42-11ef-9c11-fb9025669050,꿈틀파파,371,7700원,2025-01-22 18:39,5,21,0,21,0,0,0,0,0,0,0,0,0,0,200,200,1a0,1a100,371,
303,f5303110-ace1-11ef-8f5d-2ffe950da798,여신,366,44000원,2025-11-30 10:14,5,22,0,20,0,0,0,0,0,0,0,0,0,1.882G,200,200,0,1a0,1a100,366
303,e5de50b0-b4e4-11ef-b3ba-03c530595a34,대호전설,366,0원,2025-01-16 17:48,5,23,0,21,0,0,0,0,0,0,0,0,0,0,200,200,1a0,1a100,366,
305,256470c0-d4c5-11ef-aa63-c970832c5cf6,자유민주주의,365,7700원,2025-02-28 18:35,5,21,0,20,0,0,0,0,0,0,0,0,0,0,200,200,1a0,1a100,365,
306,c2b4d4e0-a1b8-11ef-aaa2-f58923c0661a,히든,356,15400원,2024-12-22 1:56,5,21,0,19,0,0,0,0,0,0,0,0,0,0,295,200,1a0,1a100,356,
307,ce6e1131-7d45-11ef-baa4-6dfedbc5378f,홍길동,351,28600원,2024-11-05 18:12,5,22,0,19,0,0,0,0,0,0,0,0,0,0,200,200,0,1a0,1a100,351
307,b8d86000-2e43-11f0-ac2a-ab169033f472,당당한남군,351,146300원,2025-11-29 19:25,5,21,0,22,0,0,0,0,0,0,0,0,0,657.138F,200,200,0,1a0,1a100,351
307,96b71c30-b84d-11ef-b186-998c850bb91f,난세의영웅1,351,86200원,2025-08-23 17:03,5,21,0,22,0,0,0,0,0,0,0,0,0,0,200,200,1a0,1a100,351,
307,846597e0-92d3-11ef-b1cb-53b301f34281,작은나그네,351,14300원,2025-05-01 19:17,5,22,0,20,0,0,0,0,0,0,0,0,0,0,300,200,1a0,1a100,351,
311,e8d41d50-b8a3-11ef-9e4e-9dbca080fd2f,논개,347,8800원,2025-01-03 23:10,5,21,0,20,0,0,0,0,0,0,0,0,0,0,263,200,1a0,1a100,347,
311,2cb34640-9383-11ef-aa53-1b3a8b914c93,369좋아,347,0원,2025-11-25 18:38,5,23,0,20,0,0,0,0,0,0,0,0,0,519.065F,200,200,0,1a0,1a100,347
313,d76d7370-ad2e-11ef-a168-a338e5b408b4,표류썩쏘,346,7700원,2025-11-19 1:04,5,22,0,21,0,0,0,0,0,0,0,0,0,458.252F,200,200,0,1a0,1a100,346
313,637aac20-b2c5-11ef-8b0b-3f0a6e303454,뽀짝한붕어빵,346,18700원,2025-04-14 15:28,5,20,0,21,0,0,0,0,0,0,0,0,0,0,200,200,0,1a0,1a100,346
315,19d094c0-bf0f-11f0-a010-11b38019010f,밤티라미수맛,345,157300원,2025-11-23 8:14,5,23,0,23,0,0,0,0,0,0,0,0,0,265.740F,200,200,0,1a0,1a100,345
316,87399da0-bc8f-11ef-990d-bdd7aa0ce01a,다라네,342,0원,2025-09-15 11:07,5,23,0,22,0,0,0,0,0,0,0,0,0,0,200,188,1a0,1a100,342,
317,884c2800-bf61-11ef-820e-01e1630f7f1b,뚀뚀,338,0원,2025-03-06 7:19,5,22,0,22,0,0,0,0,0,0,0,0,0,0,200,200,1a0,1a100,338,
318,fdd14d60-c7e7-11ef-9c7a-03d4ac3b5863,홍덕봉,337,25300원,2025-10-26 12:27,5,21,0,20,0,0,0,0,0,0,0,0,0,129.951F,200,200,1a0,1a100,337,
319,11a55c40-b6aa-11ef-8938-fd69c1d19549,여우돼지1,333,0원,2025-10-02 16:46,5,23,0,20,0,0,0,0,0,0,0,0,0,0,200,200,1a0,1a100,333,
320,4f18d190-b3af-11ef-a130-13bb3568264d,냔냔,332,0원,2025-11-25 20:37,5,22,0,20,0,0,0,0,0,0,0,0,0,143.627F,200,200,0,1a0,1a100,332
321,e8f4d390-b715-11ef-860a-854dcf78b83d,쌀주세요,331,0원,2025-07-20 2:12,5,20,0,19,0,0,0,0,0,0,0,0,0,0,220,200,1a0,1a100,331,
322,5082ce50-ad0b-11ef-83d7-b3edb74f307f,진욱,329,14300원,2025-01-22 7:39,5,21,0,21,0,0,0,0,0,0,0,0,0,0,200,200,0,1a0,1a100,329
323,995d76f0-823d-11ef-a0c2-df6c2d2ce54e,무협,327,0원,2024-11-08 20:41,5,20,0,19,0,0,0,0,0,0,0,0,0,0,200,200,1a0,1a100,327,
323,59a83b40-ac85-11ef-9a73-dd9bf7d29aee,흑야,327,11000원,2025-10-22 9:22,5,22,0,20,0,0,0,0,0,0,0,0,0,0,200,200,1a0,1a100,327,
323,4cbc84d0-b4dd-11ef-81bb-df4ac63a82f5,청백리,327,147400원,2025-07-17 21:09,5,21,0,20,0,0,0,0,0,0,0,0,0,0,200,200,0,1a0,1a100,327
326,b7e05ce0-db6c-11ef-a0ca-0133bcd1d569,아싸신철,321,0원,2025-03-30 0:56,5,21,0,22,0,0,0,0,0,0,0,0,0,0,200,200,1a0,1a100,321,
327,c2e005e0-c4de-11ef-a402-c7923577d404,상어민호TV,320,7700원,2025-08-10 9:08,5,21,0,20,0,0,0,0,0,0,0,0,0,0,200,200,1a0,1a100,320,
328,f509daa0-a07b-11ef-b2b7-018f048be32b,화용월태,318,7700원,2025-08-14 18:59,5,21,0,19,0,0,0,0,0,0,0,0,0,0,200,200,0,1a0,1a100,318
329,bbd368d0-bb8a-11ef-bb0a-11fecacd9b42,만세운동,315,0원,2025-11-30 16:55,5,21,0,20,0,0,0,0,0,0,0,0,0,52.002F,200,200,0,1a0,1a100,315
329,999ee0f0-b149-11ef-aedc-33a238222e02,염세주의자,315,0원,2025-11-30 6:24,5,22,0,21,0,0,0,0,0,0,0,0,0,23.335F,200,200,0,1a0,1a100,315
331,d406d770-ac3f-11ef-9fa0-bb1555add548,223124,312,0원,2025-01-02 11:55,5,22,0,23,0,0,0,0,0,0,0,0,0,0,216,200,0,1a0,1a100,312
331,1c292f00-bb7a-11ef-a67d-49a5aacc120f,개방성골절,312,8800원,2025-01-18 20:26,5,21,0,21,0,0,0,0,0,0,0,0,0,0,200,200,1a0,1a100,312,
333,fdbee790-b6b4-11ef-be19-c189a29f2be1,여우돼지2,309,0원,2025-10-02 16:57,5,22,0,20,0,0,0,0,0,0,0,0,0,0,200,200,1a0,1a100,309,
333,9d8f2400-801f-11ef-bc75-d1cfe0c7ed4e,당근,309,0원,2024-12-01 16:49,5,22,0,19,0,0,0,0,0,0,0,0,0,0,200,200,0,1a0,1a100,309
335,d8cdb180-8ef7-11ef-9c40-ad4a007910e9,소소줌,302,40700원,2025-10-22 18:13,4,23,0,19,0,0,0,0,0,0,0,0,0,0,200,46,1a0,1a100,302,
336,bc3375f0-9384-11ef-8187-bb551389c4ee,9000기념무기,294,0원,2025-11-29 19:35,4,23,0,20,0,0,0,0,0,0,0,0,0,959.590E,200,200,0,1a0,1a100,294
336,b4071d10-b74b-11ef-b186-998c850bb91f,와니아빠,294,7700원,2025-02-18 19:05,4,23,0,20,0,0,0,0,0,0,0,0,0,0,200,200,1a0,1a100,294,
336,62db7ea0-db85-11ef-ae79-6f74728d3b60,염전탈출,294,0원,2025-04-22 1:07,4,20,0,19,0,0,0,0,0,0,0,0,0,0,200,200,1a0,1a100,294,
339,24983ba0-b6bf-11ef-b186-998c850bb91f,여우돼지3,291,0원,2025-02-26 2:11,4,22,0,20,0,0,0,0,0,0,0,0,0,0,200,194,1a0,1a100,291,
340,afdf13e0-ab3a-11ef-8499-3921d4cd8719,카늘짱,290,0원,2025-11-16 15:29,4,22,0,20,0,0,0,0,0,0,0,0,0,2.617F,60,60,0,1a0,1a100,290
340,86585010-c3bb-11ef-b157-af996e743296,미아동,290,7700원,2025-02-19 22:24,4,23,0,20,0,0,0,0,0,0,0,0,0,0,186,200,0,1a0,1a100,290
342,56253110-7d48-11ef-9575-ff70d7ab1e2a,아이리,288,0원,2025-01-05 3:01,4,22,0,22,0,0,0,0,0,0,0,0,0,0,200,200,,,,
343,83bb1610-bd0f-11ef-b6b6-5f03728339d5,미옥표류기,287,8800원,2025-10-22 15:31,4,23,0,20,0,0,0,0,0,0,0,0,0,3.905F,122,200,1a0,1a100,287,
344,99b12160-b523-11ef-8a4d-5bd22890ef50,다새이,286,7700원,2025-11-30 13:33,4,21,0,21,0,0,0,0,0,0,0,0,0,715.935E,200,200,0,1a0,1a100,286
345,51966490-ad34-11ef-aba8-31b92e3a207b,AshGray,283,0원,2025-09-17 6:56,4,23,0,19,0,0,0,0,0,0,0,0,0,0,200,200,0,1a0,1a100,283
346,d0585040-9547-11ef-a0e9-a5256c943ee2,문창규24,279,14300원,2025-11-06 4:08,4,22,0,21,0,0,0,0,0,0,0,0,0,0,200,200,0,1a0,1a100,279
346,5728b940-9771-11ef-9342-c9b3faf24f5b,핑크골드,279,6600원,2025-07-31 23:11,4,20,0,19,0,0,0,0,0,0,0,0,0,0,200,200,1a0,1a100,279,
348,a54872c0-acc8-11ef-84ae-a3bd06bdb3be,가닉스,277,7700원,2025-08-06 18:48,4,20,0,21,0,0,0,0,0,0,0,0,0,0,200,200,1a0,1a100,277,
349,abedc8b0-aeac-11ef-a33d-39273ba6a16b,차두식,276,37400원,2024-12-09 5:10,4,23,0,21,0,0,0,0,0,0,0,0,0,0,200,156,0,1a0,1a100,276
350,9791cf50-e1cf-11ef-aadd-3386e8ad5e0c,16세솔로,274,0원,2025-09-04 18:13,4,20,0,20,0,0,0,0,0,0,0,0,0,0,200,200,0,1a0,1a100,274
351,dc055e10-ac5d-11ef-9a73-dd9bf7d29aee,유유자적,273,0원,2025-11-14 1:38,4,22,0,19,0,0,0,0,0,0,0,0,0,98.794E,200,200,0,1a0,1a100,273
352,d89f8e50-7d6c-11ef-82bb-cd94e87c0a94,톰슨아,271,0원,2025-11-23 10:08,4,23,0,19,0,0,0,0,0,0,0,0,0,95.935E,200,200,0,1a0,1a100,271
352,d480cac0-c70c-11ef-9dc2-bf1ee9865682,첼시FC,271,0원,2025-07-20 7:46,4,23,0,20,0,0,0,0,0,0,0,0,0,0,200,200,1a0,1a100,271,
352,04cb3c90-adec-11ef-b448-d9625807b796,자두녹차,271,7700원,2025-09-28 16:07,4,22,0,19,0,0,0,0,0,0,0,0,0,0,200,200,1a0,1a100,271,
355,53fd3480-b29c-11ef-8b0b-3f0a6e303454,쫑구,270,0원,2025-11-20 16:01,4,23,0,20,0,0,0,0,0,0,0,0,0,527.095E,150,150,0,1a0,1a100,270
356,9f9c3400-7e5c-11ef-922d-8fed99a0b54e,뭐고네,269,7700원,2025-09-11 6:41,4,23,0,21,0,0,0,0,0,0,0,0,0,0,200,0,1a0,1a100,269,
356,6a56d0c0-e220-11ef-a699-9f3aebe45dfd,한봉,269,0원,2025-08-31 23:19,4,22,0,19,0,0,0,0,0,0,0,0,0,0,200,200,0,1a0,1a100,269
358,6b59c8c0-b1c3-11ef-841c-05d478ac7542,방랑자,268,7700원,2025-01-17 17:09,4,20,0,19,0,0,0,0,0,0,0,0,0,0,200,200,1a0,1a100,268,
359,f29517f0-ad9e-11ef-8d81-8b891ee3eae2,스카이피어,266,7700원,2025-01-03 23:49,4,22,0,19,0,0,0,0,0,0,0,0,0,0,200,88,0,1a0,1a100,266
359,e6a83bb0-abb5-11ef-85cc-53967db17dfc,귀로,266,0원,2025-07-24 21:29,4,20,0,20,0,0,0,0,0,0,0,0,0,0,170,91,1a0,1a100,266,
359,d7c75ec0-ab77-11ef-9203-e5502dda7991,난표황,266,7700원,2025-11-25 2:03,4,20,0,19,0,0,0,0,0,0,0,0,0,101.668E,200,200,0,1a0,1a100,266
359,8b76e020-e094-11ef-a624-21fbda48aafc,상남자핵이,266,7700원,2025-02-21 19:22,4,22,0,20,0,0,0,0,0,0,0,0,0,0,200,200,1a0,1a100,266,
359,5dd2f0f0-6708-11f0-a3d4-43ebc2e41e55,마미무샤,266,0원,2025-11-30 13:36,4,22,0,23,0,0,0,0,0,0,0,0,0,103.179E,175,160,0,1a0,1a100,266
364,7ee7c810-dc48-11ef-9a48-cd603e6509c9,kasir,258,0원,2025-10-04 18:17,4,23,0,19,0,0,0,0,0,0,0,0,0,0,58,200,1a0,1a100,258,
365,42afb050-aa3a-11ef-9cfd-a19444eb355c,이상현,257,41100원,2025-09-17 8:06,4,23,0,21,0,0,0,0,0,0,0,0,0,0,167,166,1a0,1a100,257,
366,6a00dd00-611e-11f0-9f5a-17f75c168df7,소순하,255,0원,2025-08-15 13:06,4,20,0,19,0,0,0,0,0,0,0,0,0,0,200,200,0,1a0,1a100,255
367,9b6ba050-bb7e-11ef-bced-b3283307431a,피자나라시킨공주,253,0원,2025-11-29 13:50,4,20,0,21,0,0,0,0,0,0,0,0,0,56.289E,200,172,0,1a0,1a100,253
368,f9789cd0-b4bb-11ef-8b80-ed64c1281b36,썩쏘표류기,252,0원,2025-07-18 15:30,4,20,0,19,0,0,0,0,0,0,0,0,0,0,200,85,1a0,1a100,252,
368,a6107710-a39b-11ef-843e-29338ca2ca2c,블레이드,252,7700원,2025-09-09 22:02,4,22,0,19,0,0,0,0,0,0,0,0,0,0,200,150,1a0,1a100,252,
370,ab2d1bb0-c00e-11ef-95c9-992bc4e287da,F감튀자김F,251,0원,2025-02-01 17:19,4,20,0,20,0,0,0,0,0,0,0,0,0,0,200,200,1a0,1a100,251,
371,53270330-e288-11ef-bd72-bbba5fe933dc,이비,250,0원,2025-07-02 19:11,4,20,0,19,0,0,0,0,0,0,0,0,0,0,200,200,1a0,1a100,250,
372,e4d0e9f0-7e1e-11ef-b326-e969fdb14abc,곰탱이양,249,7700원,2025-11-07 0:04,4,20,0,19,0,0,0,0,0,0,0,0,0,12.926E,200,1,1a0,1a100,249,
372,a778e810-c837-11ef-8566-9f33ce39cf1b,질주하는염라,249,0원,2025-08-15 1:34,4,23,0,22,0,0,0,0,0,0,0,0,0,0,6,141,1a0,1a100,249,
372,7c88fb30-b140-11ef-b371-a95f7e61ac15,딩굴러,249,0원,2025-02-02 20:45,4,20,0,19,0,0,0,0,0,0,0,0,0,0,200,60,1a0,1a100,249,
375,80848830-af92-11ef-b543-cbbf953b5fb8,일성무신,248,7700원,2025-11-02 9:23,4,20,0,19,0,0,0,0,0,0,0,0,0,11.887E,200,200,1a0,1a100,248,
375,0ec18bd0-7d47-11ef-9afc-df866259cb8e,봉츄미,248,7700원,2024-10-29 22:19,4,20,0,19,0,0,0,0,0,0,0,0,0,0,200,20,0,1a0,1a100,248
377,aa163f10-d4f7-11ef-afd8-55653df8d01f,수정2,241,0원,2025-10-03 23:34,4,20,0,19,0,0,0,0,0,0,0,0,0,8.522E,102,20,1a0,1a100,241,
378,2f209790-b352-11ef-b996-7137e33b4d1e,동굴,236,8800원,2024-12-21 2:37,4,21,0,20,0,0,0,0,0,0,0,0,0,0,200,194,0,1a0,1a100,236
379,da3d9a50-2be9-11f0-8bfc-5927e21b22df,숨소리AM,232,0원,2025-10-25 13:37,4,22,0,20,0,0,0,0,0,0,0,0,0,0,98,12,1a0,1a100,232,
380,af8857f0-d374-11ef-85d2-bf9da84e7306,개구리왕,231,0원,2025-07-16 4:48,4,20,0,20,0,0,0,0,0,0,0,0,0,0,167,174,1a0,1a100,231,
380,99a23af0-ce56-11ef-862a-d3cee3cd8bc6,성님,231,0원,2025-09-22 22:02,4,23,0,19,0,0,0,0,0,0,0,0,0,0,164,110,1a0,1a100,231,
382,77550930-b1c5-11ef-b371-a95f7e61ac15,은빛향수,229,0원,2025-10-25 8:40,4,22,0,20,0,0,0,0,0,0,0,0,0,2.451E,200,189,1a0,1a100,229,
382,6143ba80-b68c-11ef-9229-2f84bb7cc385,임다빈,229,7700원,2024-12-29 16:57,4,21,0,19,0,0,0,0,0,0,0,0,0,0,100,0,,,,
382,452cf5c0-ab81-11ef-8901-b199a795327b,난세킹,229,0원,2024-12-20 8:02,4,21,0,20,0,0,0,0,0,0,0,0,0,0,196,0,1a0,1a100,229,
385,b9f5eb30-7d4d-11ef-8d50-63a9e1f962de,임록록,228,102300원,2024-10-04 15:01,4,21,0,19,0,0,0,0,0,0,0,0,0,0,162,0,1a0,1a100,228,
385,668b3fc0-e5c3-11ef-a495-05f7741a8e2d,희망꺼지게생겼어,228,0원,2025-11-22 18:27,4,22,0,20,0,0,0,0,0,0,0,0,0,1.309E,196,200,0,1a0,1a100,228
385,1bcbaaf0-7d9b-11ef-8266-5ff262c8cc1a,리리아,228,7700원,2025-11-30 8:59,4,20,0,19,0,0,0,0,0,0,0,0,0,1.297E,200,35,0,1a0,1a100,228
388,c4d323e0-d664-11ef-9a99-93b2e5b4dde2,3태종이방원,226,0원,2025-05-27 15:21,4,21,0,20,0,0,0,0,0,0,0,0,0,0,50,20,1a0,1a100,226,
389,26206750-a4ad-11ef-9316-2f9616cb252d,랑랑별때때롱,219,7700원,2025-10-31 1:17,4,22,0,20,0,0,0,0,0,0,0,0,0,0,168,69,1a0,1a100,219,
390,fb25f730-87e3-11ef-95a1-117cbe34dcf3,Note,218,7700원,2025-09-21 11:51,4,20,0,21,0,0,0,0,0,0,0,0,0,0,0,0,,,,
391,6c0c5ce0-b616-11ef-a08c-ed29bc79947d,공대여대생,216,0원,2025-10-11 14:47,4,21,0,20,0,0,0,0,0,0,0,0,0,0,133,70,1a0,1a100,216,
392,9b1030c0-c99e-11ef-8ed0-cf5f88ca591e,pdh,213,0원,2025-03-21 17:27,4,20,0,21,0,0,0,0,0,0,0,0,0,0,191,200,0,1a0,1a100,213
393,52bb5dc0-afbf-11ef-8463-bb9779ec444a,daye,207,0원,2025-10-27 12:09,4,23,0,19,0,0,0,0,0,0,0,0,0,979.648D,76,106,1a0,1a100,207,
394,cc5b5af0-80c0-11ef-a912-81e046aedf33,하나소라,206,0원,2025-11-02 2:12,4,22,0,22,0,0,0,0,0,0,0,0,0,0,122,107,1a0,1a100,206,
395,e52812a0-b37c-11ef-92b0-95da32c3e76f,아라따,195,0원,2024-12-12 15:45,3,20,0,19,0,0,0,0,0,0,0,0,0,0,120,80,1a0,1a100,195,
396,a6006f50-d6d1-11ef-8348-abe498acf245,예쁜토끼,191,0원,2025-08-25 19:58,3,21,0,19,0,0,0,0,0,0,0,0,0,0,0,0,0,1a0,1a100,191
397,15f558b0-b108-11ef-a3d4-69557df05b1a,KST,190,0원,2025-11-11 16:30,3,22,0,19,0,0,0,0,0,0,0,0,0,67.992D,63,10,0,1a0,1a100,190
398,a13a9460-b939-11ef-8bf3-9b373847dee1,대구인,189,0원,2025-11-19 13:55,3,21,0,20,0,0,0,0,0,0,0,0,0,24.218D,200,0,0,1a0,1a100,189
398,685324c0-d6ec-11ef-b2bb-c9a49adb051e,윤영훈,189,0원,2025-10-19 13:39,3,22,0,19,0,0,0,0,0,0,0,0,0,0,152,11,1a0,1a100,189,
398,5e6dbd20-ceb4-11ef-9ffe-c1d935850828,정야,189,0원,2025-10-03 0:29,3,22,0,19,0,0,0,0,0,0,0,0,0,99.215D,79,110,1a0,1a100,189,
401,78b232c0-b919-11ef-8cf6-417e1d137a71,폴로랄프로렌,186,1100원,2025-10-05 17:48,3,21,0,20,0,0,0,0,0,0,0,0,0,10.004D,109,71,1a0,1a100,186,
402,340f64e0-b049-11ef-b79e-71cbcc9fed2c,Tori,183,7700원,2025-11-29 2:38,3,21,0,19,0,0,0,0,0,0,0,0,0,6.667D,0,0,0,1a0,1a100,183
403,06b87f20-d945-11ef-8f92-b976c3b70792,농심라면,182,0원,2025-11-07 15:15,3,22,0,19,0,0,0,0,0,0,0,0,0,6.077D,33,90,1a0,1a100,182,
404,3491aad0-c4ae-11ef-8110-cde7d6748cdb,동동윤,180,0원,2025-11-15 20:46,3,20,0,19,0,0,0,0,0,0,0,0,0,91.720D,200,40,0,1a0,1a100,180
405,dc1e1cd0-b0a8-11ef-8463-bb9779ec444a,일레이,179,0원,2025-10-24 15:15,3,22,0,20,0,0,0,0,0,0,0,0,0,0,100,100,1a0,1a100,179,
406,9faf57c0-80d6-11ef-9f1a-372caccc1da1,나두나두,178,14300원,2025-08-11 20:29,3,20,0,19,0,0,0,0,0,0,0,0,0,0,60,50,1a0,1a100,178,
407,75792b70-87cf-11ef-a059-2310beb9014d,런너,177,7700원,2025-07-31 12:30,3,22,0,19,0,0,0,0,0,0,0,0,0,0,113,83,1a0,1a100,177,
408,ab1af2f0-ade9-11ef-b79e-71cbcc9fed2c,하루하루,176,0원,2025-11-30 13:59,3,20,0,19,0,0,0,0,0,0,0,0,0,8.718D,90,44,0,1a0,1a100,176
408,58865660-adcb-11ef-a454-0fb7d9f813eb,호랑,176,0원,2025-11-28 20:09,3,21,0,19,0,0,0,0,0,0,0,0,0,5.962D,150,70,0,1a0,1a100,176
410,909767e0-bd36-11ef-b2e0-8da5632819f3,앞좌석,172,0원,2025-11-18 10:12,3,20,0,19,0,0,0,0,0,0,0,0,0,5.845D,87,124,0,1a0,1a100,172
410,6f602e00-bc04-11ef-8ee2-5dcd81159dca,키니치,172,0원,2025-10-09 12:15,3,22,0,21,0,0,0,0,0,0,0,0,0,26.101D,143,16,1a0,1a100,172,
412,8aa79b00-ae88-11ef-9269-73e9af1e766d,바닐라와플,169,0원,2025-01-07 2:48,3,20,0,19,0,0,0,0,0,0,0,0,0,0,182,81,0,1a0,1a100,169
413,a5e72e80-b1d0-11ef-9cde-f74559775a32,아기제니,166,7700원,2025-11-02 18:09,3,20,0,19,0,0,0,0,0,0,0,0,0,0,200,200,1a0,1a100,166,
414,97e6fbc0-c987-11ef-bbea-0d91179b4e65,akaozj,158,0원,2025-10-08 23:44,3,22,0,20,0,0,0,0,0,0,0,0,0,0,83,37,1a0,1a100,158,
415,8085cf70-ad1b-11ef-bb08-0767dd9e9c0f,Black,154,0원,2025-11-21 21:20,2,20,0,19,0,0,0,0,0,0,0,0,0,311.929C,35,29,0,1a0,1a100,154
415,48832090-c4e6-11ef-a923-cdd91cb434be,강현서,154,0원,2025-11-15 13:46,2,22,0,19,0,0,0,0,0,0,0,0,0,799.617C,87,59,0,1a0,1a100,154
417,cee42c00-ab2e-11ef-8499-3921d4cd8719,주아,148,31200원,2024-12-09 20:13,2,21,0,19,0,0,0,0,0,0,0,0,0,0,59,102,,,,
418,4dad6ff0-7ee4-11ef-a11f-5d60920dc8af,원스톨,147,6600원,2025-11-10 15:49,2,22,0,20,0,0,0,0,0,0,0,0,0,583.537C,110,70,0,1a0,1a100,147
419,d7355ff0-a3cc-11ef-a9b0-8f986b110b05,양정훈,136,0원,2025-11-28 21:32,2,21,0,20,0,0,0,0,0,0,0,0,0,100.895C,135,134,0,1a0,1a100,136
420,ed866c80-b60b-11ef-833d-cf2ad37a2d5b,라탱다9GX,132,0원,2025-11-21 7:36,2,22,0,22,0,0,0,0,0,0,0,0,0,104.492C,58,15,0,1a0,1a100,132
420,bd23a8d0-e506-11ef-a62a-159bd8607982,이준수,132,0원,2025-09-19 19:49,2,20,0,19,0,0,0,0,0,0,0,0,0,42.778C,88,12,,,,
422,fa1a1e90-c733-11ef-ac07-0d7692e7b361,서지니,130,0원,2025-10-29 21:53,2,20,0,19,0,0,0,0,0,0,0,0,0,0,137,38,0,1a0,1a100,130
422,b18b8ac0-b071-11ef-8463-bb9779ec444a,zi존킹왕짱잼민,130,0원,2024-12-11 22:25,2,21,0,19,0,0,0,0,0,0,0,0,0,0,78,15,0,1a0,1a100,130
422,95255370-b85f-11ef-9075-fdbac80601be,난씨고수,130,0원,2025-10-03 10:00,2,21,0,19,0,0,0,0,0,0,0,0,0,0,95,79,1a0,1a100,130,
422,5ae16720-dc5f-11ef-804b-dd634ff5f27e,윤이,130,0원,2025-10-19 8:40,2,20,0,19,0,0,0,0,0,0,0,0,0,0,50,0,1a0,1a100,130,
422,28f74d41-b3d0-11ef-a464-37c500225cee,개미대장,130,0원,2024-12-20 10:24,2,21,0,20,0,0,0,0,0,0,0,0,0,0,89,23,0,1a0,1a100,130
427,999ed610-bee0-11ef-98e9-5d0f81d2d6a6,535142,128,0원,2025-09-08 23:35,2,20,0,19,0,0,0,0,0,0,0,0,0,0,134,77,1a0,1a100,128,
428,01c45900-ba80-11ef-b4b0-b1be39c939ee,김호랑,126,0원,2025-10-11 0:16,2,20,0,20,0,0,0,0,0,0,0,0,0,23.013C,50,50,1a0,1a100,126,
429,3ab3f3b0-5611-11f0-888f-672540972dbb,비열,122,0원,2025-07-09 11:02,2,20,0,19,0,0,0,0,0,0,0,0,0,0,100,60,0,1a0,1a100,122
430,af123c50-a5bb-11ef-96d1-6fb758817ace,치코베이비,121,7700원,2024-12-22 16:07,2,20,0,19,0,0,0,0,0,0,0,0,0,0,116,55,0,1a0,1a100,121
430,9a051470-bd8c-11ef-8a1b-93f28d74fc5c,성국,121,0원,2025-02-08 1:52,2,23,0,19,0,0,0,0,0,0,0,0,0,0,54,15,1a0,1a100,121,
430,71fcc9f0-a59f-11ef-b7b1-25858fa8354e,일이삼사,121,7700원,2024-12-04 21:37,2,23,0,19,0,0,0,0,0,0,0,0,0,0,83,84,1a0,1a100,121,
430,3b350390-bc8f-11ef-b5b1-c32399e8abe5,신감자,121,0원,2025-09-03 23:46,2,22,0,19,0,0,0,0,0,0,0,0,0,0,61,60,0,1a0,1a100,121
434,c970d380-babb-11ef-b9fc-5b3fad0102ac,KJ,120,1100원,2025-10-25 14:09,2,23,0,19,0,0,0,0,0,0,0,0,0,0,37,17,1a0,1a100,120,
435,f8e9fa20-a3e0-11ef-9545-7958f15db916,허징징징,119,0원,2025-11-24 8:08,2,20,0,22,0,0,0,0,0,0,0,0,0,6.606C,66,44,0,1a0,1a100,119
435,e93b2420-c1c5-11ef-858d-93aac86fe9fc,왜에에,119,0원,2025-10-31 21:57,2,20,0,19,0,0,0,0,0,0,0,0,0,0,52,30,0,1a0,1a100,119
435,a6707640-b603-11ef-a892-91a0b2843e0f,자윤,119,0원,2025-09-20 19:40,2,21,0,19,0,0,0,0,0,0,0,0,0,0,80,45,,,,
435,7d6909b0-bafe-11ef-82a5-e7b1e7625053,김경따이,119,7700원,2024-12-19 15:56,2,18,0,18,0,0,0,0,0,0,0,0,0,0,100,50,1a0,1a100,119,
439,3472aa20-af02-11ef-8673-15a700a95dc2,이흥원,118,0원,2025-09-13 13:01,2,20,0,19,0,0,0,0,0,0,0,0,0,0,95,25,1a0,1a100,118,
440,55ec35b0-b47d-11ef-b7a3-5b86b2477911,출도요,117,0원,2025-09-21 17:36,2,20,0,19,0,0,0,0,0,0,0,0,0,0,50,53,1a0,1a100,117,
441,da59cfe0-de00-11ef-b442-472cc4a60bdd,사마엘,116,0원,2025-10-03 18:19,2,20,0,19,0,0,0,0,0,0,0,0,0,386.512B,40,25,1a0,1a100,116,
441,ced8d420-bb02-11ef-a67d-49a5aacc120f,Luana,116,0원,2025-11-30 0:42,2,22,0,16,0,0,0,0,0,0,0,0,0,2.459C,30,12,0,1a0,1a100,116
441,100b7290-b9f0-11ef-8f45-bd697dd2cbdb,일반,116,0원,2025-02-18 12:34,2,21,0,19,0,0,0,0,0,0,0,0,0,0,45,10,0,1a0,1a100,116
444,5fb36970-e271-11ef-9b99-bbf624c49648,밀라,114,7700원,2025-11-20 20:26,2,19,0,16,0,0,0,0,0,0,0,0,0,340.726B,20,10,0,1a0,1a100,114
445,dcd2d380-c022-11ef-becc-4196dcde5439,사파주,113,0원,2025-10-19 0:21,2,20,0,19,0,0,0,0,0,0,0,0,0,0,87,0,1a0,1a100,113,
445,4ec8b170-894c-11ef-8c4d-9f7eb6408694,불량할미,113,0원,2025-09-21 22:14,2,22,0,19,0,0,0,0,0,0,0,0,0,1.424C,70,67,,,,
447,04995c60-b1f8-11ef-83c8-5579d034ff08,바람따라,111,0원,2024-12-06 10:32,2,18,0,17,0,0,0,0,0,0,0,0,0,0,21,0,1a0,1a100,111,
448,88d411e0-8085-11ef-b2dd-7d95c0c44acb,neisha0,109,0원,2025-10-08 21:46,2,20,0,19,0,0,0,0,0,0,0,0,0,0,10,0,1a0,1a100,109,
448,2ad78300-dc61-11ef-804b-dd634ff5f27e,나는웡,109,0원,2025-09-22 16:59,2,20,0,19,0,0,0,0,0,0,0,0,0,0,124,34,1a0,1a100,109,
450,c3b043c0-ad5c-11ef-a412-bb796ede6e3f,케오리,102,0원,2025-06-16 21:13,1,20,0,19,0,0,0,0,0,0,0,0,0,0,69,30,0,1a0,1a100,102
450,a42056c0-b6ea-11ef-90ef-1dec4b243f52,한쿡사람,102,0원,2025-10-05 14:24,2,22,0,19,0,0,0,0,0,0,0,0,0,542.070B,21,0,1a0,1a100,102,
452,e94d3f00-e1a2-11ef-8fb1-67b2d1ca0129,이세현,101,0원,2025-02-05 14:49,1,20,0,18,0,0,0,0,0,0,0,0,0,0,4,70,0,1a0,1a100,101
452,a99c9240-b379-11ef-b996-7137e33b4d1e,삼색이,101,0원,2025-04-05 12:18,2,23,0,22,0,0,0,0,0,0,0,0,0,0,153,0,1a0,1a100,101,
452,5810c1d1-8d09-11ef-a3eb-b9a4161e8d4e,이리오너라,101,7700원,2025-09-25 8:39,1,21,0,15,0,0,0,0,0,0,0,0,0,0,13,0,,,,
455,600830f0-c8da-11ef-a381-25caade754f0,딛딛이,100,0원,2025-10-28 1:30,2,20,0,19,0,0,0,0,0,0,0,0,0,0,78,0,1a0,1a100,100,
456,90822030-c2de-11ef-a1e8-11b5472e4db4,이대로호,98,7700원,2025-07-19 6:09,1,18,0,19,0,0,0,0,0,0,0,0,0,0,0,0,1a0,1a100,98,
457,ced6e640-c4f0-11ef-bbf7-f1f1a26b09df,음흉,96,0원,2025-08-25 21:10,1,22,0,17,0,0,0,0,0,0,0,0,0,0,23,0,1a0,1a100,96,
457,8fb2eff0-805c-11ef-bc75-d1cfe0c7ed4e,로기,96,11000원,2025-07-17 22:31,1,21,0,21,0,0,0,0,0,0,0,0,0,0,0,0,1a0,1a100,96,
459,54dce7b0-7d4a-11ef-bd38-6b1421704eae,메롱,95,0원,2025-10-04 6:39,1,23,0,19,0,0,0,0,0,0,0,0,0,0,36,9,1a0,1a100,95,
459,4ec6fc90-dee7-11ef-a199-b52ea436b6fe,가지고,95,0원,2025-03-15 15:55,1,20,0,19,0,0,0,0,0,0,0,0,0,0,50,47,1a0,1a100,95,
461,44ed73b0-af0e-11ef-b79e-71cbcc9fed2c,옥환,94,0원,2024-12-08 21:56,1,20,0,19,0,0,0,0,0,0,0,0,0,0,110,50,1a0,1a100,94,
462,ef24d380-b348-11ef-85f3-11ac3a2178dc,kwns,93,7700원,2024-12-07 20:45,1,18,0,16,0,0,0,0,0,0,0,0,0,0,10,10,1a0,1a100,93,
462,eea094c0-afd9-11ef-9c11-fb9025669050,증가초소,93,0원,2025-10-12 17:22,1,20,0,21,0,0,0,0,0,0,0,0,0,68.217B,39,0,1a0,1a100,93,
464,dde299c0-c32b-11ef-887b-6330f7661919,물구나무서기,92,0원,2025-02-08 3:02,1,23,0,16,0,0,0,0,0,0,0,0,0,0,11,0,1a0,1a100,92,
464,af55b630-4857-11f0-afbd-83a1f6b917d7,너구리포류,92,0원,2025-10-04 17:06,1,18,0,19,0,0,0,0,0,0,0,0,0,0,57,26,0,1a0,1a100,92
464,13278510-b6ce-11ef-97f1-05ae23445287,황미루,92,0원,2025-01-07 16:48,1,20,0,19,0,0,0,0,0,0,0,0,0,0,50,29,1a0,1a100,92,
467,baa87080-ae5c-11ef-ac1a-f5380b068ba9,동길이,91,0원,2025-08-05 12:06,1,20,0,19,0,0,0,0,0,0,0,0,0,0,60,20,1a0,1a100,91,
467,4456ea30-baad-11ef-b4b0-b1be39c939ee,구린내,91,0원,2025-01-01 9:34,1,20,0,19,0,0,0,0,0,0,0,0,0,0,32,54,1a0,1a100,91,
467,3c393370-c4ae-11ef-96c7-131f8a8465a4,박재승,91,0원,2025-07-20 14:12,1,20,0,19,0,0,0,0,0,0,0,0,0,0,0,0,1a0,1a100,91,
467,08743450-a5bd-11ef-9059-c918fdcc0d04,dyhh,91,0원,2025-11-08 22:48,1,20,0,19,0,0,0,0,0,0,0,0,0,0,81,6,0,1a0,1a100,91
471,cd2df0a0-d327-11ef-9210-9b6d36f160c2,나는야상남자,90,0원,2025-02-18 13:27,1,20,0,19,0,0,0,0,0,0,0,0,0,0,72,78,,,,
471,cc8d6f90-afb4-11ef-b329-9d5d8fc1fb13,나는표류지,90,26400원,2025-08-10 22:00,1,20,0,19,0,0,0,0,0,0,0,0,0,0,78,80,1a0,1a100,90,
471,7707bd60-b9e5-11ef-89e1-6ba753cb8f3e,이르,90,0원,2025-09-21 7:49,1,21,0,19,0,0,0,0,0,0,0,0,0,16.854B,42,30,,,,
474,46f50310-b6db-11ef-bdd3-e5ff23da30ec,짱남매,89,0원,2025-11-05 16:28,1,20,0,19,0,0,0,0,0,0,0,0,0,13.283B,0,0,1a0,1a100,89,
474,33421c40-b2da-11ef-8f37-df628c41fde5,민혁이아빠,89,0원,2025-09-13 19:41,1,20,0,19,0,0,0,0,0,0,0,0,0,0,20,0,1a0,1a100,89,
474,2a1bb740-cd72-11ef-b22e-8b4f077df421,삐리삐리,89,1100원,2025-07-23 4:49,1,22,0,19,0,0,0,0,0,0,0,0,0,0,14,10,1a0,1a100,89,
477,a6b95220-b6df-11ef-9b3e-4d142333921a,역사영웅들,88,0원,2025-09-05 10:32,1,20,0,19,0,0,0,0,0,0,0,0,0,0,0,0,1a0,1a100,88,
477,4cf37820-bbd4-11ef-bf9a-6fd1a6f6a10f,이해,88,0원,2024-12-24 15:01,1,19,0,19,0,0,0,0,0,0,0,0,0,0,30,0,1a0,1a100,88,
479,ecaee050-8099-11ef-81d9-952fe86ababc,ssaasdad,87,0원,2025-11-14 14:02,1,20,0,19,0,0,0,0,0,0,0,0,0,0,2,2,0,1a0,1a100,87
479,d77d1a40-7d5f-11ef-bdd3-1d6b83adaf14,소리,87,0원,2025-09-21 7:35,1,20,0,19,0,0,0,0,0,0,0,0,0,0,0,0,1a0,1a100,87,
479,caed8490-ad2a-11ef-9efc-f936d0410fc4,k0716,87,0원,2024-11-30 11:07,1,19,0,18,0,0,0,0,0,0,0,0,0,0,37,40,1a0,1a100,87,
479,9dfe8e30-cbfb-11ef-81d6-83fa62b58ca3,장세건,87,0원,2025-08-07 18:46,1,16,0,17,0,0,0,0,0,0,0,0,0,0,70,10,0,1a0,1a100,87
479,4e750730-eb78-11ef-bf5e-716641419b32,도리토스,87,7700원,2025-05-13 22:57,1,17,0,17,0,0,0,0,0,0,0,0,0,0,7,5,1a0,1a100,87,
484,f450d090-af31-11ef-9951-d1490e3d0b55,모루,86,7700원,2024-12-16 7:21,1,18,0,19,0,0,0,0,0,0,0,0,0,0,20,0,0,1a0,1a100,86
484,bc07d890-cf0d-11ef-a2c0-bbee4f861e38,찡찡호,86,0원,2025-09-20 16:50,1,20,0,19,0,0,0,0,0,0,0,0,0,6.731B,50,30,,,,
484,b39afaa0-ac0f-11ef-8901-b199a795327b,마부,86,0원,2024-12-01 16:16,1,23,0,16,0,0,0,0,0,0,0,0,0,0,10,34,,,,
487,f4062660-ad99-11ef-8c9f-5b46c52b0ba1,캔커피캔,85,0원,2024-11-29 18:33,1,18,0,16,0,0,0,0,0,0,0,0,0,0,25,0,1a0,1a100,85,
487,255185e0-c52b-11ef-a8ab-593b658ef711,헌터킬러,85,0원,2025-01-02 23:42,1,17,0,19,0,0,0,0,0,0,0,0,0,0,46,46,1a0,1a100,85,
489,e8fa0850-b423-11ef-8ccb-e3de04ce6d1b,슝리,83,0원,2025-05-24 19:35,1,20,0,19,0,0,0,0,0,0,0,0,0,0,0,8,1a0,1a100,83,
490,e2cf5970-8404-11ef-a0fa-9b9b9fe875a2,이진,81,0원,2024-10-12 23:48,1,22,0,19,0,0,0,0,0,0,0,0,0,0,20,20,1a0,1a100,81,
490,6eac4df0-6171-11f0-9347-61904433d9fb,유유옥,81,0원,2025-10-09 10:23,1,19,0,17,0,0,0,0,0,0,0,0,0,0,40,0,1a0,1a100,81,
492,d693cfd0-7e1c-11ef-b26b-61f618170b49,헬조선,80,0원,2024-10-02 13:10,1,18,0,17,0,0,0,0,0,0,0,0,0,0,1,5,1a0,1a100,80,
493,ef946560-ae3e-11ef-9499-678aa71606e9,개금,79,0원,2025-10-13 17:51,1,19,0,19,0,0,0,0,0,0,0,0,0,2.026B,46,0,1a0,1a100,79,
493,e164e7b0-d8ed-11ef-b61b-637f093c56d6,암행어사09,79,0원,2025-01-27 6:04,1,16,0,19,0,0,0,0,0,0,0,0,0,0,50,50,1a0,1a100,79,
493,6a6a0bb0-1225-11f0-b7bc-39bfc9c5b8c6,환종,79,0원,2025-06-08 15:49,1,20,0,19,0,0,0,0,0,0,0,0,0,0,31,2,,,,
496,e3b52c50-b79b-11ef-9e25-6798d91217ad,옛날을찾아서,78,0원,2025-10-08 0:24,1,20,0,19,0,0,0,0,0,0,0,0,0,8.920B,20,10,1a0,1a100,78,
497,8303c270-8ef8-11ef-bd9c-df9b63244f7a,포칼,77,0원,2024-10-21 4:23,1,19,0,11,0,0,0,0,0,0,0,0,0,0,13,0,0,1a0,1a100,77
497,743f7940-d44a-11ef-9dc7-a9d740bc7798,수빈이,77,0원,2025-01-21 18:50,1,21,0,16,0,0,0,0,0,0,0,0,0,0,24,3,0,1a0,1a100,77
499,ffb58470-e2c7-11ef-9ae6-4988e1e8cda6,kkondae,76,0원,2025-09-07 10:44,1,19,0,16,0,0,0,0,0,0,0,0,0,0,11,10,1a0,1a100,76,
499,9bca5970-c924-11ef-97cb-0ba51da3a28f,fgyghj,76,0원,2025-01-04 11:40,1,19,0,16,0,0,0,0,0,0,0,0,0,0,45,23,1a0,1a100,76,
499,23fe1d00-d072-11ef-8743-779a5db0173b,찢재명구속,76,0원,2025-10-05 7:01,1,18,0,19,0,0,0,0,0,0,0,0,0,0,36,0,1a0,1a100,76,
502,412df490-ae67-11ef-a56e-b91cb05d85c7,데이던,75,0원,2025-09-25 17:24,1,20,0,19,0,0,0,0,0,0,0,0,0,4.447B,28,32,,,,
503,bc140f60-b3f7-11ef-b49d-f3e3914c00d7,창가에토,74,7700원,2024-12-08 21:50,1,19,0,18,0,0,0,0,0,0,0,0,0,0,30,16,0,1a0,1a100,74
503,821f9940-c96a-11ef-a133-4513e783f3e0,개돌,74,0원,2025-10-17 16:53,1,20,0,16,0,0,0,0,0,0,0,0,0,7.709B,0,0,1a0,1a100,74,
505,85d17220-d81a-11ef-99c9-37ae4c5962e5,Encore,73,0원,2025-09-10 22:11,1,20,0,19,0,0,0,0,0,0,0,0,0,0,40,40,,,,
506,d4fb30d0-c03b-11ef-8947-65e59ddbe745,김상태,72,0원,2025-10-03 19:53,1,20,0,19,0,0,0,0,0,0,0,0,0,510.487A,15,19,1a0,1a100,72,
506,a723d4a0-ac27-11ef-a4f3-1fc1a72c78ad,gnkif,72,0원,2025-08-08 22:00,1,20,0,19,0,0,0,0,0,0,0,0,0,0,34,7,1a0,1a100,72,
508,e82e5e30-afe1-11ef-ba17-0346eda69510,collo,71,0원,2025-10-16 0:53,1,19,0,15,0,0,0,0,0,0,0,0,0,0,7,0,1a0,1a100,71,
508,afa4f340-bed1-11ef-8629-ed432164104d,정몽주,71,1100원,2025-03-26 19:16,1,19,0,19,0,0,0,0,0,0,0,0,0,0,32,20,0,1a0,1a100,71
508,9a280940-8195-11ef-8faf-1d29807097bf,6475,71,0원,2025-09-05 22:14,1,18,0,15,0,0,0,0,0,0,0,0,0,0,5,5,1a0,1a100,71,
508,7612ab10-d1b7-11ef-af31-130b91f9e2fe,역사를만드는사람,71,0원,2025-11-13 18:05,1,18,0,19,0,0,0,0,0,0,0,0,0,464.465A,0,0,0,1a0,1a100,71
508,362b6110-da0c-11ef-9717-8d3b604d0af9,몽몽,71,0원,2025-07-27 16:54,1,20,0,19,0,0,0,0,0,0,0,0,0,0,0,0,0,1a0,1a100,71
508,30fb4a90-dfbe-11ef-b114-6fb5a335e4dd,역사장군,71,0원,2025-10-15 20:49,1,20,0,19,0,0,0,0,0,0,0,0,0,0,0,0,1a0,1a100,71,
514,76d32d40-ac5a-11ef-83d7-b3edb74f307f,쪽쪽쭉,70,0원,2024-11-29 17:55,1,19,0,17,0,0,0,0,0,0,0,0,0,0,13,0,1a0,1a100,70,
514,5d7d5ee0-b6e8-11ef-97f1-05ae23445287,써클엣지,70,0원,2024-12-12 8:17,1,19,0,18,0,0,0,0,0,0,0,0,0,0,39,30,1a0,1a100,70,
514,0f6639c0-c755-11ef-b6aa-d1c71586d17a,루나13,70,0원,2025-10-16 19:23,1,20,0,19,0,0,0,0,0,0,0,0,0,1.358B,30,18,1a0,1a100,70,
517,411429a0-a6d5-11ef-813a-559f8e4daafb,아니왜,69,0원,2025-07-17 22:50,1,19,0,17,0,0,0,0,0,0,0,0,0,0,25,0,1a0,1a100,69,
517,3a330910-b9bf-11ef-a271-cf47c0930989,홍박사,69,0원,2024-12-19 17:17,1,18,0,19,0,0,0,0,0,0,0,0,0,0,49,30,0,1a0,1a100,69
519,d156c240-b187-11ef-9312-65e6e3b168e9,hshsgsvs,68,0원,2025-10-19 12:31,1,18,0,12,0,0,0,0,0,0,0,0,0,0,4,0,1a0,1a100,68,
519,bb48b6c0-d6ee-11ef-a167-efbf2eec6c6e,가자미,68,0원,2025-01-22 14:25,1,18,0,15,0,0,0,0,0,0,0,0,0,0,25,20,0,1a0,1a100,68
519,88a6bd30-ae20-11ef-83d7-b3edb74f307f,Micro,68,0원,2024-12-02 6:51,1,19,0,15,0,0,0,0,0,0,0,0,0,0,20,0,1a0,1a100,68,
519,37a08e60-bce0-11ef-8cbd-d96ec6fd46b7,굿맨,68,0원,2024-12-19 14:16,1,18,0,18,0,0,0,0,0,0,0,0,0,0,5,2,1a0,1a100,68,
519,31c0f040-613e-11f0-9f5a-17f75c168df7,대령,68,7700원,2025-10-26 21:47,1,18,0,16,0,0,0,0,0,0,0,0,0,320.557A,4,0,1a0,1a100,68,
519,1a5bd2b0-b9b1-11ef-9075-fdbac80601be,너야,68,0원,2025-01-01 11:20,1,19,0,19,0,0,0,0,0,0,0,0,0,0,32,0,1a0,1a100,68,
525,f15baeb0-b0ed-11ef-9261-1da2a65a2e08,무도리,67,0원,2024-12-04 15:38,1,17,0,19,0,0,0,0,0,0,0,0,0,0,41,3,1a0,1a100,67,
525,e3a1dba0-c010-11ef-a0e9-cb0be1ae202f,678,67,0원,2025-07-21 22:02,1,20,0,19,0,0,0,0,0,0,0,0,0,0,21,0,1a0,1a100,67,
525,de818170-b86d-11ef-adf4-b740551de154,난세표류기777,67,0원,2025-04-25 18:24,1,20,0,19,0,0,0,0,0,0,0,0,0,0,27,60,1a0,1a100,67,
525,d1808440-aebc-11ef-981b-11a32e918082,혜숙이길들이기,67,0원,2025-11-29 10:13,1,19,0,12,0,0,0,0,0,0,0,0,0,730.715A,18,5,0,1a0,1a100,67
525,a99ee2f0-c9c4-11ef-95c8-99003d9c2f0d,뢰신,67,0원,2025-01-08 20:11,1,18,0,18,0,0,0,0,0,0,0,0,0,0,10,10,1a0,1a100,67,
525,876cb100-ba1d-11ef-89e1-6ba753cb8f3e,몽냥,67,0원,2024-12-15 20:16,1,19,0,19,0,0,0,0,0,0,0,0,0,0,10,10,1a0,1a100,67,
525,74f72700-ac6a-11ef-84ae-a3bd06bdb3be,박씨표류기,67,0원,2024-11-27 18:23,1,18,0,19,0,0,0,0,0,0,0,0,0,0,2,0,0,1a0,1a100,67
525,4cada7c0-a476-11ef-8bbd-77f25fa1edac,미르엘,67,0원,2025-09-19 4:16,1,20,0,19,0,0,0,0,0,0,0,0,0,0,3,0,,,,
533,f6055570-b8ed-11f0-849e-cb8b084752da,전자장,66,0원,2025-11-08 10:06,1,19,0,15,0,0,0,0,0,0,0,0,0,0,0,0,0,1a0,1a100,66
533,cf15c1d0-8cba-11ef-83d5-cbf00bbecbaf,뚝딱,66,7700원,2024-10-18 8:52,1,16,0,15,0,0,0,0,0,0,0,0,0,0,10,0,1a0,1a100,66,
533,c8423c40-c8c2-11f0-aa30-7530b5e9ec5d,은조,66,0원,2025-11-25 7:57,1,19,0,17,0,0,0,0,0,0,0,0,0,303.764A,25,0,0,1a0,1a100,66
533,c78fce30-e3de-11ef-b1f8-0977133a9a3a,RksWkr,66,0원,2025-02-10 16:34,1,18,0,18,0,0,0,0,0,0,0,0,0,0,10,30,1a0,1a100,66,
533,739aff70-978f-11ef-9e3c-ff743a4ce8ed,cucu,66,0원,2025-11-04 2:50,1,19,0,19,0,0,0,0,0,0,0,0,0,1.065B,27,5,1a0,1a100,66,
533,56527d60-7e1e-11ef-8674-13981d0c5e2e,하나땅,66,0원,2024-10-02 22:04,1,19,0,15,0,0,0,0,0,0,0,0,0,0,20,0,0,1a0,1a100,66
533,0bd744b0-84bc-11ef-bb1d-b57c981c2b7f,끼룩,66,0원,2024-12-02 20:07,1,19,0,18,0,0,0,0,0,0,0,0,0,0,35,0,1a0,1a100,66,
540,f34134c0-805f-11ef-bcf8-6d57cb3f8a8a,이공,65,0원,2024-10-03 9:30,1,18,0,19,0,0,0,0,0,0,0,0,0,0,7,0,,,,
540,f071c030-cf73-11ef-8fc5-43e7b56630d0,옆집사는돌쇠,65,0원,2025-01-12 17:22,1,19,0,15,0,0,0,0,0,0,0,0,0,0,35,0,1a0,1a100,65,
540,5f2d0f40-d6e8-11ef-b0db-53d6ed22bcf9,쫑구2,65,0원,2025-09-17 0:57,1,20,0,19,0,0,0,0,0,0,0,0,0,0,0,0,1a0,1a100,65,
543,e101b1c0-b86f-11ef-848a-d15886dbbd59,반달루아,64,0원,2024-12-14 0:32,1,19,0,19,0,0,0,0,0,0,0,0,0,0,34,5,0,1a0,1a100,64
544,472870c1-6161-11f0-a63d-51d9ae539d21,화니라니,63,0원,2025-09-11 21:22,1,19,0,13,0,0,0,0,0,0,0,0,0,0,7,0,1a0,1a100,63,
544,2cdc8f30-b18a-11ef-92ea-c9b4ed30ec5c,노랑,63,0원,2025-09-06 14:58,1,19,0,13,0,0,0,0,0,0,0,0,0,0,5,0,0,1a0,1a100,63
546,fc158d70-ca75-11ef-8bc5-3ddb6ddf929b,여름날,62,0원,2025-01-05 7:26,1,16,0,16,0,0,0,0,0,0,0,0,0,0,20,20,1a0,1a100,62,
547,ed9a6690-81fe-11ef-bd85-c334686e1c45,동화,61,0원,2024-10-17 17:45,1,17,0,15,0,0,0,0,0,0,0,0,0,0,0,10,1a0,1a100,61,
548,f2eaa810-b22a-11ef-8c20-f72da72c3815,수진사랑,60,0원,2025-10-01 0:01,1,19,0,14,0,0,0,0,0,0,0,0,0,40.417A,5,1,1a0,1a100,60,
548,e6f1dda0-8fc3-11ef-ba08-1de87ed25fda,은익이,60,0원,2025-09-17 22:00,1,18,0,18,0,0,0,0,0,0,0,0,0,0,56,0,1a0,1a100,60,
548,2aefdc60-ac92-11ef-9fa0-bb1555add548,오른,60,0원,2024-11-28 14:44,1,18,0,18,0,0,0,0,0,0,0,0,0,0,0,0,1a0,1a100,60,
548,2abce780-7e19-11ef-b507-4f7b5a70518f,릴스타,60,0원,2025-10-21 22:52,1,17,0,15,0,0,0,0,0,0,0,0,0,0,5,0,1a0,1a100,60,
552,a07529e0-b92b-11ef-8bd7-2d33761d8c56,마토무투,59,0원,2025-09-17 1:29,1,19,0,19,0,0,0,0,0,0,0,0,0,0,5,5,1a0,1a100,59,
552,4faffea0-b506-11ef-9a18-3d56ababaa9a,은빛수리,59,0원,2025-09-25 9:19,1,17,0,19,0,0,0,0,0,0,0,0,0,130.765A,30,20,,,,
554,e0933950-b83f-11ef-adf4-b740551de154,빛의어둠,58,0원,2024-12-13 11:23,1,18,0,18,0,0,0,0,0,0,0,0,0,0,53,4,1a0,1a100,58,
555,b88c13b0-ab3c-11ef-b8a4-7f7b772ead33,독산,57,0원,2024-12-08 10:27,1,18,0,16,0,0,0,0,0,0,0,0,0,0,14,13,0,1a0,1a100,57
555,862e3720-bfbb-11ef-94ca-e5eb2605b07f,혼자안자,57,0원,2024-12-23 1:16,1,23,0,17,0,0,0,0,0,0,0,0,0,0,6,0,1a0,1a100,57,
555,5ceb2ab0-bafe-11ef-9613-8f627b049737,역사좋아,57,1100원,2025-04-03 10:14,1,20,0,19,0,0,0,0,0,0,0,0,0,0,47,0,1a0,1a100,57,
555,4845b9d0-be8d-11ef-9894-35a08f55039e,당당기루,57,7700원,2024-12-23 0:56,1,19,0,16,0,0,0,0,0,0,0,0,0,0,5,0,0,1a0,1a100,57
559,a9eb2d30-b165-11ef-9cde-f74559775a32,해치,56,0원,2024-12-12 16:18,1,19,0,19,0,0,0,0,0,0,0,0,0,0,13,21,0,1a0,1a100,56
559,61b4a2f0-b1e5-11ef-b79e-71cbcc9fed2c,양파,56,0원,2025-11-13 8:33,1,21,0,15,0,0,0,0,0,0,0,0,0,231.682A,5,0,0,1a0,1a100,56
561,6a386e70-ab19-11ef-8a5d-fb4b569024fa,가리지,55,0원,2024-11-26 23:22,1,18,0,18,0,0,0,0,0,0,0,0,0,0,25,22,1a0,1a100,55,
562,fe2c3fa0-a5ae-11ef-84c6-4ff94f318934,지누,54,0원,2024-11-20 0:24,1,19,0,17,0,0,0,0,0,0,0,0,0,0,14,14,1a0,1a100,54,
562,a88f3f60-b0a4-11ef-a87b-b5997a27d221,준하이83,54,0원,2025-10-05 0:25,1,18,0,16,0,0,0,0,0,0,0,0,0,58.157A,0,0,1a0,1a100,54,
562,2eee8e10-ae4f-11ef-b66a-3902a1cdb29b,매직,54,0원,2025-10-14 5:12,1,16,0,15,0,0,0,0,0,0,0,0,0,65.436A,3,3,1a0,1a100,54,
562,1bc60880-afd6-11ef-b543-cbbf953b5fb8,호나우당뇨,54,0원,2024-12-02 20:31,1,18,0,18,0,0,0,0,0,0,0,0,0,0,25,0,1a0,1a100,54,
566,c5786750-e0a6-11ef-9ede-937d2f6fa161,배고파아아,53,0원,2025-09-30 2:45,1,17,0,16,0,0,0,0,0,0,0,0,0,34.278A,8,5,1a0,1a100,53,
566,a31e98b0-d33a-11ef-8668-715eb3b7a584,박영화이,53,0원,2025-01-16 8:40,1,20,0,17,0,0,0,0,0,0,0,0,0,0,18,6,0,1a0,1a100,53
566,9c2f5430-ac85-11ef-9fa0-bb1555add548,모노,53,0원,2025-07-16 23:01,1,18,0,17,0,0,0,0,0,0,0,0,0,0,0,0,0,1a0,1a100,53
566,6461a920-ac14-11ef-b836-09fb8a0a1da3,꾸마,53,0원,2025-09-06 23:32,1,19,0,17,0,0,0,0,0,0,0,0,0,0,5,0,1a0,1a100,53,
566,428a2bc0-ac4f-11ef-9203-e5502dda7991,해솔,53,0원,2024-11-29 21:04,1,17,0,17,0,0,0,0,0,0,0,0,0,0,28,0,1a0,1a100,53,
571,e8268a60-d2dd-11ef-a998-1dfcc13d2f16,축구한반도,52,0원,2025-08-29 22:14,1,17,0,19,0,0,0,0,0,0,0,0,0,0,32,0,1a0,1a100,52,
571,e2980550-83ce-11ef-92b1-675a7deecbaa,봉구얌,52,0원,2024-10-07 21:31,1,18,0,17,0,0,0,0,0,0,0,0,0,0,35,0,1a0,1a100,52,
571,a0919e80-ac25-11ef-96b9-b706edc02f06,나랑,52,0원,2024-11-28 21:45,1,18,0,17,0,0,0,0,0,0,0,0,0,0,10,2,1a0,1a100,52,
571,8729ac80-7e30-11ef-8041-87827bd8f6db,민공주,52,0원,2025-11-12 23:49,1,17,0,15,0,0,0,0,0,0,0,0,0,50.645A,1,4,0,1a0,1a100,52
571,6bb2c8f0-c300-11ef-b139-459924a03fe4,추세,52,0원,2024-12-27 13:02,1,17,0,16,0,0,0,0,0,0,0,0,0,0,30,10,,,,
571,48031ba0-cd6c-11ef-97aa-470af6a6e97b,뚱두,52,8800원,2025-01-08 22:31,1,19,0,19,0,0,0,0,0,0,0,0,0,0,16,0,1a0,1a100,52,
577,a1a34100-b4f6-11ef-8a7a-d5e909569ee9,ejjso,51,0원,2025-09-28 19:44,1,19,0,16,0,0,0,0,0,0,0,0,0,45.380A,0,32,1a0,1a100,51,
577,7d9e1730-8935-11f0-839d-8152f99f1d1f,하가렌,51,0원,2025-11-30 14:55,1,12,0,15,0,0,0,0,0,0,0,0,0,12.174A,0,0,0,1a0,1a100,51
577,6fcf9df0-53ec-11f0-af9f-41c2a4c7a57c,은서긴자는중,51,0원,2025-07-26 22:34,1,18,0,16,0,0,0,0,0,0,0,0,0,0,1,0,1a0,1a100,51,
577,65d001f0-bbde-11f0-b333-818014085ee2,짐이많구먼,51,0원,2025-11-12 3:02,1,17,0,18,0,0,0,0,0,0,0,0,0,20.149A,2,0,0,1a0,1a100,51
577,603212c0-bfa8-11ef-bc44-71f6f3cb9a76,채난국,51,0원,2024-12-23 5:45,1,16,0,16,0,0,0,0,0,0,0,0,0,0,30,20,1a0,1a100,51,
582,794ff6e0-7fd5-11ef-9677-417bac3587f9,짜장라면,50,0원,2025-09-14 21:12,1,20,0,19,0,0,0,0,0,0,0,0,0,0,28,4,1a0,1a100,50,
583,921e30b0-d629-11ef-8072-7bc6bf465123,난세표류기3,48,0원,2025-02-23 12:05,1,19,0,13,0,0,0,0,0,0,0,0,0,0,24,0,1a0,1a100,48,
583,3df0a0d0-b69f-11ef-854c-a59e3849cf02,루아,48,0원,2024-12-13 1:25,1,21,0,16,0,0,0,0,0,0,0,0,0,0,21,23,,,,
583,3b496520-54cd-11f0-bfbd-eb9435a442a7,시골붕어,48,0원,2025-06-29 19:22,1,18,0,14,0,0,0,0,0,0,0,0,0,0,2,0,1a0,1a100,48,
586,a0111d10-b3ea-11ef-beb1-170d29d19e93,raqun,47,0원,2024-12-11 2:07,1,19,0,19,0,0,0,0,0,0,0,0,0,0,11,0,1a0,1a100,47,
586,4f1e0330-88e5-11ef-8c4d-9f7eb6408694,문월,47,7700원,2025-10-26 7:08,1,19,0,17,0,0,0,0,0,0,0,0,0,6.742A,0,0,1a0,1a100,47,
586,21bb45c0-7e1c-11ef-8547-a13db95bba47,이지그음,47,0원,2025-10-21 18:37,1,18,0,15,0,0,0,0,0,0,0,0,0,0,10,0,1a0,1a100,47,
589,fd8d1fc0-b791-11ef-9842-cbe6188e2d60,율도국지부장,46,0원,2025-10-29 1:26,1,17,0,18,0,0,0,0,0,0,0,0,0,59.340A,0,0,1a0,1a100,46,
589,f98d3860-abca-11ef-b2bd-974530b81e98,Marlboro,46,0원,2024-11-29 5:30,1,19,0,18,0,0,0,0,0,0,0,0,0,0,10,7,1a0,1a100,46,
589,bfa5a4b0-b201-11ef-b88d-eba4a648df9f,가능,46,0원,2024-12-05 8:45,1,17,0,15,0,0,0,0,0,0,0,0,0,0,0,0,1a0,1a100,46,
589,a431ba90-c21c-11ef-b858-c9ad23f8202a,마누라보,46,0원,2024-12-26 4:52,1,15,0,14,0,0,0,0,0,0,0,0,0,0,10,0,1a0,1a100,46,
589,7714de70-b16e-11ef-b371-a95f7e61ac15,카후라,46,0원,2024-12-05 18:00,1,18,0,22,0,0,0,0,0,0,0,0,0,0,0,11,1a0,1a100,46,
589,4fadf040-c8e5-11ef-a381-25caade754f0,페드리,46,0원,2025-11-28 18:00,1,16,0,16,0,0,0,0,0,0,0,0,0,13.041A,5,5,0,1a0,1a100,46
589,0f1ea020-b804-11ef-825c-f37d4d80414c,창천,46,0원,2025-11-11 5:28,1,19,0,18,0,0,0,0,0,0,0,0,0,57.056A,0,0,0,1a0,1a100,46
589,08346e90-afb5-11ef-b329-9d5d8fc1fb13,김치후라이,46,0원,2024-12-01 16:53,1,16,0,15,0,0,0,0,0,0,0,0,0,0,0,0,1a0,1a100,46,
597,c370bf50-c1cc-11ef-bcfc-e3af63d7a6a4,킴차장,45,0원,2025-10-11 12:19,1,17,0,17,0,0,0,0,0,0,0,0,0,53.623A,11,10,1a0,1a100,45,
597,83f03370-8954-11ef-9fd7-779fb3cc927f,폭군,45,0원,2025-08-17 3:10,1,19,0,18,0,0,0,0,0,0,0,0,0,0,1,0,1a0,1a100,45,
597,6ba60b10-aef1-11ef-b40a-8bfc256b68be,혈량,45,0원,2024-11-30 23:38,1,18,0,14,0,0,0,0,0,0,0,0,0,0,8,1,1a0,1a100,45,
597,6b318290-d75a-11ef-bf19-b9b10c539142,큐큐,45,0원,2025-02-03 4:59,1,17,0,19,0,0,0,0,0,0,0,0,0,0,0,0,1a0,1a100,45,
597,1a48cbd0-b9f1-11ef-a332-c951fe48ab7c,블루레몬,45,0원,2025-10-06 1:11,1,19,0,19,0,0,0,0,0,0,0,0,0,0,0,0,1a0,1a100,45,
602,cfdd6650-bd88-11ef-b6b6-5f03728339d5,본원,44,0원,2025-07-18 5:36,1,18,0,17,0,0,0,0,0,0,0,0,0,0,10,10,1a0,1a100,44,
603,cb132eb0-b3b1-11ef-8b0b-3f0a6e303454,코리현,43,0원,2024-12-08 9:35,1,18,0,16,0,0,0,0,0,0,0,0,0,0,5,5,1a0,1a100,43,
603,b6064230-b5bb-11ef-a08c-ed29bc79947d,tlsh,43,0원,2025-10-08 12:48,1,17,0,16,0,0,0,0,0,0,0,0,0,4.984A,0,0,1a0,1a100,43,
603,8092b820-b086-11ef-873b-772fc6946d68,fhz,43,0원,2025-07-20 12:45,1,18,0,15,0,0,0,0,0,0,0,0,0,0,0,0,0,1a0,1a100,43
606,f81937a0-ab6a-11ef-b2bd-974530b81e98,오라,42,0원,2025-10-06 22:13,1,18,0,16,0,0,0,0,0,0,0,0,0,0,6,10,1a0,1a100,42,
606,bfe3da10-acba-11ef-80b0-1f3f8f1c75aa,흠흠흠,42,0원,2024-11-29 15:35,1,16,0,15,0,0,0,0,0,0,0,0,0,0,0,0,1a0,1a100,42,
606,88ae2340-7e28-11ef-80ab-136ada431d37,엘리,42,0원,2025-10-13 20:25,1,15,0,16,0,0,0,0,0,0,0,0,0,8.427A,0,0,1a0,1a100,42,
606,1bbaf1b0-bc1b-11ef-a867-d1afb7ef3a4e,포은,42,0원,2025-10-10 11:12,1,15,0,13,0,0,0,0,0,0,0,0,0,0,0,0,1a0,1a100,42,
610,e7846540-b123-11ef-b371-a95f7e61ac15,쿨갱,41,0원,2024-12-04 8:59,1,19,0,15,0,0,0,0,0,0,0,0,0,0,0,0,0,1a0,1a100,41
610,db5bb980-1d0c-11f0-b8f4-157cea631178,jjjin,41,0원,2025-09-28 10:44,0,11,0,10,0,0,0,0,0,0,0,0,0,5.016A,20,58,1a0,1a100,41,
610,d6782a90-8287-11ef-8ce5-35369fdbf299,쥬쥬,41,0원,2024-11-26 6:34,0,16,0,16,0,0,0,0,0,0,0,0,0,0,0,0,1a0,1a100,41,
610,bfc66560-ad1a-11ef-9aef-5fb51d03c70a,류비,41,0원,2025-02-24 12:16,1,20,0,19,0,0,0,0,0,0,0,0,0,0,2,34,1a0,1a100,41,
610,b4f11dc0-b2ff-11ef-b88d-eba4a648df9f,로지니아,41,0원,2025-10-06 1:04,0,12,0,11,0,0,0,0,0,0,0,0,0,0,0,0,1a0,1a100,41,
610,afd931a0-ad15-11ef-ba35-6398fb3149e3,난근혜,41,0원,2025-10-15 2:01,1,16,0,16,0,0,0,0,0,0,0,0,0,3.847A,0,0,1a0,1a100,41,
610,5a380060-dc62-11ef-804b-dd634ff5f27e,음악보이,41,0원,2025-10-26 20:46,0,19,0,11,0,0,0,0,0,0,0,0,0,0,0,0,1a0,1a100,41,
610,4eb65be0-7e1d-11ef-8041-87827bd8f6db,베라모드,41,0원,2024-09-29 21:26,1,19,0,17,0,0,0,0,0,0,0,0,0,0,0,0,1a0,1a100,41,
610,4de70d60-ab61-11ef-8901-b199a795327b,마티아스,41,0원,2025-11-09 7:38,1,18,0,15,0,0,0,0,0,0,0,0,0,3.517A,2,2,0,1a0,1a100,41
610,1d253ef0-abe7-11ef-8157-07c30ce58855,킬러스핀,41,0원,2024-11-28 20:25,0,18,0,16,0,0,0,0,0,0,0,0,0,0,0,0,1a0,1a100,41,
610,129288b0-b729-11ef-860a-854dcf78b83d,자수성가,41,0원,2024-12-12 0:17,1,16,0,18,0,0,0,0,0,0,0,0,0,0,10,10,1a0,1a100,41,
610,074eceb0-ad32-11ef-aba8-31b92e3a207b,르아안,41,0원,2024-12-02 0:47,0,13,0,19,0,0,0,0,0,0,0,0,0,0,0,0,1a0,1a100,41,
622,cf16ae60-87e7-11ef-9da7-035dfd44ccd0,로엘,40,0원,2025-09-21 20:08,1,15,0,15,0,0,0,0,0,0,0,0,0,3.032A,0,0,,,,
622,09eaf1a0-ca63-11ef-a69d-97d480c19caf,크레바스,40,0원,2025-09-29 2:39,0,19,0,12,0,0,0,0,0,0,0,0,0,1.375A,0,0,1a0,1a100,40,
624,8ae17270-ac95-11ef-92f4-af6e371ca13b,깨비,39,0원,2024-11-28 14:50,0,19,0,16,0,0,0,0,0,0,0,0,0,0,0,0,1a0,1a100,39,
624,69699930-894d-11ef-9da7-035dfd44ccd0,치우천왕,39,0원,2024-10-13 20:28,0,17,0,16,0,0,0,0,0,0,0,0,0,0,10,0,0,1a0,1a100,39
624,4f20cd40-ab5e-11ef-aacc-b10bcb6d1453,eosmn,39,0원,2025-09-14 23:50,1,15,0,14,0,0,0,0,0,0,0,0,0,0,71,25,1a0,1a100,39,
624,2c893600-ab5e-11ef-b8a4-7f7b772ead33,빙수,39,0원,2024-11-27 0:23,0,15,0,15,0,0,0,0,0,0,0,0,0,0,10,10,1a0,1a100,39,
628,d0516240-ae3c-11ef-8e1d-2fc8e0d96f08,라한,38,0원,2025-10-09 9:08,1,13,0,19,0,0,0,0,0,0,0,0,0,10.540A,0,0,1a0,1a100,38,
628,b8a8d1c0-abb0-11ef-911a-e7c0ada9a68c,때짜,38,0원,2025-07-25 17:12,0,15,0,14,0,0,0,0,0,0,0,0,0,0,0,0,1a0,1a100,38,
630,f1b19040-7e3f-11ef-9d24-49a71dd688d7,띵땅,37,0원,2024-09-29 18:57,0,15,0,15,0,0,0,0,0,0,0,0,0,0,0,0,1a0,1a100,37,
630,9c0ca140-af07-11ef-9440-957103c27048,마인,37,0원,2025-07-17 22:43,0,15,0,15,0,0,0,0,0,0,0,0,0,0,0,0,1a0,1a100,37,
630,91a814b0-b93d-11ef-9898-0fbf1f401ffc,이지금은,37,0원,2024-12-15 19:16,0,15,0,14,0,0,0,0,0,0,0,0,0,0,0,0,,,,
630,908eecb0-ac7d-11ef-9d4f-85486f726cf1,아인파파,37,0원,2025-10-24 13:14,1,15,0,14,0,0,0,0,0,0,0,0,0,2.454A,0,0,1a0,1a100,37,
630,836a0180-bfd0-11ef-a0b5-bf2ff24d6a06,라기,37,8800원,2025-10-15 2:34,0,19,0,19,0,0,0,0,0,0,0,0,0,2.503A,0,0,1a0,1a100,37,
630,334edd40-acd6-11ef-9fa0-bb1555add548,별방지기,37,0원,2024-11-28 1:53,0,16,0,16,0,0,0,0,0,0,0,0,0,0,1,3,1a0,1a100,37,
636,3dc39f10-c1b0-11ef-9f2b-93182224376b,분당아기냥이,36,0원,2025-10-04 23:41,0,15,0,11,0,0,0,0,0,0,0,0,0,0,14,8,1a0,1a100,36,
637,e37b29e0-d160-11ef-8c48-a510c3e27905,십자가석열,35,0원,2025-07-25 22:40,0,14,0,13,0,0,0,0,0,0,0,0,0,0,0,0,1a0,1a100,35,
637,e1d7dcf0-a046-11ef-9946-359c6f8d78d1,세종321ABC,35,0원,2025-10-06 23:37,0,14,0,15,0,0,0,0,0,0,0,0,0,0,0,0,1a0,1a100,35,
637,2887f9d0-d091-11ef-99b5-83aaa903ca22,전성탁,35,0원,2025-09-22 1:15,0,14,0,15,0,0,0,0,0,0,0,0,0,1.316A,12,15,,,,
640,99f61910-d953-11ef-8f92-b976c3b70792,fvhuv,34,0원,2025-01-23 15:55,0,17,0,15,0,0,0,0,0,0,0,0,0,0,8,0,1a0,1a100,34,
640,65a455c0-bacf-11ef-9cca-8d10acd9f194,라비,34,0원,2024-12-18 20:05,0,15,0,15,0,0,0,0,0,0,0,0,0,0,0,0,1a0,1a100,34,
640,4750a3f0-b172-11ef-83c8-5579d034ff08,NOW,34,0원,2024-12-03 22:09,0,16,0,16,0,0,0,0,0,0,0,0,0,0,0,0,1a0,1a100,34,
640,16643ff0-b130-11ef-9261-1da2a65a2e08,네로,34,0원,2025-09-29 1:32,0,14,0,11,0,0,0,0,0,0,0,0,0,"314,696",0,0,1a0,1a100,34,
640,126fb760-7da2-11ef-a5a1-ed89013e55c9,도마동,34,0원,2025-07-19 19:15,0,18,0,15,0,0,0,0,0,0,0,0,0,0,0,0,1a0,1a100,34,
640,0078a210-7e1a-11ef-b44c-ade555b0ce32,몰입,34,0원,2024-09-29 14:08,0,16,0,16,0,0,0,0,0,0,0,0,0,0,0,0,1a0,1a100,34,
646,f39f72c0-ad40-11ef-ad9c-e5d9ea4ca0e7,라트,33,0원,2025-07-20 15:06,0,16,0,15,0,0,0,0,0,0,0,0,0,0,0,0,0,1a0,1a100,33
647,e5775ea0-adeb-11ef-9499-678aa71606e9,출동왕,32,0원,2025-09-08 1:25,0,15,0,12,0,0,0,0,0,0,0,0,0,0,4,0,,,,
647,d2720cb0-ab39-11ef-b8a4-7f7b772ead33,블랙오,32,0원,2025-07-26 13:17,0,16,0,17,0,0,0,0,0,0,0,0,0,0,0,0,1a0,1a100,32,
647,37588e81-b501-11ef-ae97-4353aee62c39,밍갱,32,0원,2024-12-08 10:53,0,18,0,13,0,0,0,0,0,0,0,0,0,0,0,0,1a0,1a100,32,
650,034aa5a0-acb0-11ef-98e7-6b8767f8fd1f,이노이앤에스,31,0원,2025-07-26 13:24,0,15,0,15,0,0,0,0,0,0,0,0,0,0,0,0,0,1a0,1a100,31
651,d109a5e0-9018-11ef-beb1-1511436f6497,서유라비,30,0원,2025-11-13 20:36,0,14,0,8,0,0,0,0,0,0,0,0,0,"87,045",0,0,0,1a0,1a100,30
651,255165e0-abb0-11ef-8901-b199a795327b,장독대,30,0원,2025-10-06 18:39,0,15,0,13,0,0,0,0,0,0,0,0,0,0,0,0,1a0,1a100,30,
651,10029a10-b85d-11ef-848a-d15886dbbd59,최재진,30,0원,2025-10-21 1:15,0,16,0,10,0,0,0,0,0,0,0,0,0,"139,295",0,0,1a0,1a100,30,
654,4c3b7690-acdd-11ef-9203-e5502dda7991,채밤비,29,0원,2024-11-29 21:47,0,16,0,15,0,0,0,0,0,0,0,0,0,0,0,0,0,1a0,1a100,29
655,e0b4b3f0-b371-11ef-a464-37c500225cee,루나민,28,0원,2025-11-12 21:30,0,16,0,14,0,0,0,0,0,0,0,0,0,"602,648",1,0,0,1a0,1a100,28
655,d1562730-acbf-11ef-80b0-1f3f8f1c75aa,김숙희,28,0원,2025-08-05 13:13,0,15,0,19,0,0,0,0,0,0,0,0,0,0,0,0,0,1a0,1a100,28
655,80ebc6e0-b2f2-11ef-b7df-697ceda880c1,Faye,28,0원,2024-12-05 19:52,0,16,0,15,0,0,0,0,0,0,0,0,0,0,0,0,1a0,1a100,28,
658,5ffc1df0-ac89-11ef-98e7-6b8767f8fd1f,라떼,26,0원,2024-11-27 16:24,0,16,0,15,0,0,0,0,0,0,0,0,0,0,1,1,1a0,1a100,26,
658,2d997340-b30e-11ef-8b0b-3f0a6e303454,난쎄다,26,0원,2024-12-05 23:23,0,12,0,11,0,0,0,0,0,0,0,0,0,0,0,0,1a0,1a100,26,
660,a4ae36a0-abac-11ef-a4f3-1fc1a72c78ad,junsik,25,0원,2025-10-21 21:35,0,13,0,10,0,0,0,0,0,0,0,0,0,"88,305",0,0,1a0,1a100,25,
661,f8b0d550-7e1b-11ef-8547-a13db95bba47,효카,24,0원,2025-07-29 18:38,0,16,0,13,0,0,0,0,0,0,0,0,0,0,0,1,1a0,1a100,24,
661,93418500-b11c-11ef-bad4-dff43eea0f84,OXY,24,0원,2025-09-21 11:18,0,17,0,14,0,0,0,0,0,0,0,0,0,"150,447",0,0,,,,
661,8ded8700-ab42-11ef-a9dd-01e33bb298a5,Zero1,24,0원,2024-11-26 1:22,0,18,0,13,0,0,0,0,0,0,0,0,0,0,0,0,1a0,1a100,24,
664,ea6a3b50-cf18-11ef-b95f-ebaeff332cc0,난세야난세,23,0원,2025-01-10 16:23,0,12,0,10,0,0,0,0,0,0,0,0,0,0,0,0,1a0,1a100,23,
664,83f1df50-ae2e-11ef-be6a-9db3ae4ff6d0,바마나자아,23,0원,2025-11-12 16:04,0,13,0,12,0,0,0,0,0,0,0,0,0,"108,381",0,0,0,1a0,1a100,23
664,048f6ff0-c2d0-11ef-baf5-bfaa5e79669f,꼬닝,23,0원,2025-09-28 9:24,0,14,0,12,0,0,0,0,0,0,0,0,0,"70,695",0,0,1a0,1a100,23,
667,b14db870-ae42-11ef-be6a-9db3ae4ff6d0,허원혁,22,0원,2025-07-18 9:51,0,18,0,14,0,0,0,0,0,0,0,0,0,0,0,0,1a0,1a100,22,
668,fe6f4840-aca2-11ef-9fa0-bb1555add548,뱅군,21,0원,2025-11-15 9:34,0,13,0,10,0,0,0,0,0,0,0,0,0,"14,320",0,0,0,1a0,1a100,21
668,c889aa70-b08c-11ef-a87b-b5997a27d221,차자기,21,0원,2025-10-20 21:03,0,16,0,12,0,0,0,0,0,0,0,0,0,"69,478",0,0,1a0,1a100,21,
668,92fe1060-d36b-11ef-9537-8fbd939bddff,백화연무,21,0원,2025-11-15 1:08,0,17,0,16,0,0,0,0,0,0,0,0,0,"80,135",0,0,0,1a0,1a100,21
668,8b77b6c0-affd-11ef-94e0-19049ff317b3,강호이,21,0원,2025-11-19 23:12,0,15,0,9,0,0,0,0,0,0,0,0,0,1.116A,0,0,0,1a0,1a100,21
668,88dd5820-c259-11ef-9d3a-fdbbbc8def7e,체리파르페,21,0원,2024-12-25 19:03,0,8,0,11,0,0,0,0,0,0,0,0,0,0,0,0,1a0,1a100,21,
668,4bf5fa90-970f-11ef-ab9b-79ddfffeacdf,으이이,21,0원,2025-11-27 12:12,0,9,0,8,0,0,0,0,0,0,0,0,0,"17,690",5,12,0,1a0,1a100,21
668,117aaeb0-a0f1-11ef-9946-359c6f8d78d1,단아,21,0원,2025-07-28 20:18,0,12,0,11,0,0,0,0,0,0,0,0,0,0,0,0,1a0,1a100,21,
668,0387cdb0-ad08-11ef-ad9c-e5d9ea4ca0e7,유나아기,21,0원,2025-09-29 20:51,0,18,0,14,0,0,0,0,0,0,0,0,0,"83,026",0,0,1a0,1a100,21,
